ID,POS,Name,IP,HT,C ABI,C FRM,C ARM,IF RNG,IF ERR,IF ARM,TDP,OF RNG,OF ERR,OF ARM,HT CM,IP Clean,C ABI Fix,C FRM Fix,C ARM Fix
60786,3,Manny Castaneda,1382.1,"6' 5"" ",20,20,20,50,45,35,50,60,40,50,195.57999999999998,1382.333333333333,20,20,20
71203,3,Eric Caldwell,1370.1,"6' 2"" ",20,20,20,55,55,45,65,50,50,45,187.96,1370.333333333333,20,20,20
62660,3,Federico Mendoza,1368.2,"6' 5"" ",20,20,20,45,40,65,40,35,40,55,195.57999999999998,1368.6666666666667,20,20,20
61652,3,Matt Williams,1362.2,"6' 6"" ",20,20,20,60,60,60,45,40,45,55,198.12,1362.6666666666667,20,20,20
57232,3,Willie Perez,1359.0,"6' 2"" ",20,20,20,50,35,40,25,30,30,30,187.96,1359.0,20,20,20
60443,3,Josh Kane,1339.2,"6' 4"" ",20,20,20,55,40,40,20,60,50,55,193.04,1339.6666666666667,20,20,20
62319,7,Steve Pogue,1330.2,"6' 7"" ",20,20,20,30,30,35,20,55,45,50,200.66,1330.6666666666667,20,20,20
61465,6,Jimmy Rogers,1323.1,"6' 3"" ",20,20,20,55,50,55,50,55,50,60,190.5,1323.333333333333,20,20,20
63757,3,Jordan Gonzales,1320.2,"6' 3"" ",20,20,20,75,60,70,65,65,60,65,190.5,1320.6666666666667,20,20,20
62557,7,Mike Swain,1320.0,"6' 2"" ",20,20,20,30,25,55,20,50,45,70,187.96,1320.0,20,20,20
61597,5,Lyle Jarville,1316.1,"6' 4"" ",20,20,25,65,70,65,70,55,55,55,193.04,1316.333333333333,20,20,25
60512,7,Jimmy Richter,1314.1,"6' 1"" ",20,20,20,55,40,40,45,70,55,60,185.42,1314.333333333333,20,20,20
64133,7,Chris Swiderski,1314.1,"6' 0"" ",20,20,20,50,45,30,45,70,65,55,182.88,1314.333333333333,20,20,20
62147,8,Bobby Pierce,1313.1,"6' 3"" ",20,20,20,55,40,30,45,70,55,50,190.5,1313.333333333333,20,20,20
60624,4,Chris Wiener,1309.1,"6' 4"" ",20,20,20,65,55,60,55,50,45,65,193.04,1309.333333333333,20,20,20
60635,3,Hector Andrade,1308.2,"6' 0"" ",20,20,20,40,30,30,35,65,45,55,182.88,1308.6666666666667,20,20,20
59368,8,Jordan Sierra,1308.1,"6' 2"" ",20,20,20,35,25,45,45,70,60,60,187.96,1308.333333333333,20,20,20
61731,9,Jordan Moreno,1307.1,"5' 11""",20,20,20,30,30,55,30,55,55,65,180.34,1307.333333333333,20,20,20
58162,8,Joaquin Jaramillo,1307.0,"6' 5"" ",20,20,20,45,30,45,35,65,45,55,195.57999999999998,1307.0,20,20,20
61602,3,Chris Bontempo,1306.1,"6' 3"" ",20,20,20,30,30,40,25,55,50,65,190.5,1306.333333333333,20,20,20
60765,6,Danny Medina,1305.2,"6' 4"" ",20,20,20,75,60,65,65,50,55,55,193.04,1305.6666666666667,20,20,20
65579,6,Elijah Adair,1305.0,"6' 2"" ",20,20,20,75,70,60,65,35,55,55,187.96,1305.0,20,20,20
59285,7,Chris Davison,1304.0,"6' 4"" ",20,20,20,40,30,30,20,65,60,50,193.04,1304.0,20,20,20
56619,3,Mike Fleming,1302.2,"6' 2"" ",20,20,20,40,35,25,40,60,65,55,187.96,1302.6666666666667,20,20,20
62179,7,Jim Buttleman,1302.1,"6' 5"" ",20,20,20,45,35,40,35,65,75,55,195.57999999999998,1302.333333333333,20,20,20
63178,6,Ben Rudek,1300.2,"6' 1"" ",20,20,20,60,40,40,45,75,50,50,185.42,1300.6666666666667,20,20,20
61736,5,Alex Velez,1300.1,"6' 2"" ",20,20,20,65,60,70,50,40,55,65,187.96,1300.333333333333,20,20,20
64064,3,Eric Kunde,1300.0,"6' 2"" ",20,25,20,45,60,40,60,35,55,30,187.96,1300.0,20,25,20
60360,8,Dan Stapleton,1298.0,"6' 4"" ",20,20,20,50,35,55,45,65,55,75,193.04,1298.0,20,20,20
64190,5,Dave Speroni,1297.0,"6' 1"" ",20,20,20,65,75,75,75,30,55,70,185.42,1297.0,20,20,20
68448,4,Alfredo Encarnacion,1295.2,"6' 2"" ",20,20,20,50,65,50,70,45,60,40,187.96,1295.6666666666667,20,20,20
55997,4,Willie Villatoro,1293.0,"6' 3"" ",20,20,20,65,45,55,60,25,45,50,190.5,1293.0,20,20,20
56457,4,Luis Avila,1292.1,"6' 1"" ",20,20,20,45,40,30,40,60,65,50,185.42,1292.333333333333,20,20,20
62170,3,Steven Squarebriggs,1290.2,"6' 2"" ",20,25,30,55,55,65,35,30,55,65,187.96,1290.6666666666667,20,25,30
61744,3,Melvin Castellano,1290.0,"6' 2"" ",20,20,20,75,60,60,50,30,45,55,187.96,1290.0,20,20,20
60734,6,Tony Miranda,1289.2,"6' 2"" ",20,20,20,65,60,60,65,50,45,50,187.96,1289.6666666666667,20,20,20
60767,3,Xavier Arango,1288.2,"6' 3"" ",20,20,20,55,50,60,40,35,40,60,190.5,1288.6666666666667,20,20,20
59121,7,Josh Hess,1288.2,"6' 4"" ",20,20,20,55,50,50,20,65,45,60,193.04,1288.6666666666667,20,20,20
60484,7,Sam Steelsmith,1288.0,"6' 4"" ",20,20,20,40,35,50,20,65,80,65,193.04,1288.0,20,20,20
57890,4,Jared Morre,1287.2,"6' 6"" ",20,20,20,60,55,50,70,35,35,35,198.12,1287.6666666666667,20,20,20
59374,4,Phil Tennant,1286.1,"6' 2"" ",20,20,20,70,55,50,50,50,50,50,187.96,1286.333333333333,20,20,20
62049,7,Andy Boyer,1285.0,"6' 2"" ",20,20,20,35,30,35,35,75,60,50,187.96,1285.0,20,20,20
54795,5,Josh McBride,1285.0,"6' 0"" ",20,25,20,65,60,70,45,30,40,65,182.88,1285.0,20,25,20
21039,8,Tomas Mendoza,1285.0,"6' 1"" ",20,20,20,50,35,40,20,70,60,70,185.42,1285.0,20,20,20
61167,4,Dave Gamble,1284.1,"5' 9"" ",20,20,20,70,55,55,60,55,40,65,175.26,1284.333333333333,20,20,20
52524,6,Victor Estrada,1283.1,"6' 1"" ",20,20,20,65,60,70,65,55,70,80,185.42,1283.333333333333,20,20,20
59181,4,Billy LaBelle,1282.1,"6' 3"" ",20,20,20,60,55,65,55,20,55,60,190.5,1282.333333333333,20,20,20
61302,4,Mike Goad,1282.0,"6' 2"" ",20,20,20,60,55,60,50,55,45,65,187.96,1282.0,20,20,20
60063,3,Chris Seagrave,1282.0,"6' 2"" ",20,20,20,35,30,20,30,65,55,40,187.96,1282.0,20,20,20
59147,3,Trey Whittington,1280.2,"6' 2"" ",20,20,20,70,60,65,60,60,55,60,187.96,1280.6666666666667,20,20,20
55875,4,Adrian Marroquin,1278.1,"6' 1"" ",20,20,20,60,60,75,55,25,40,70,185.42,1278.333333333333,20,20,20
62705,9,Luis Rios,1278.1,"6' 2"" ",20,20,20,30,30,45,20,50,75,65,187.96,1278.333333333333,20,20,20
63066,7,Jimmy Winter,1274.1,"6' 2"" ",20,20,20,40,45,40,20,65,55,60,187.96,1274.333333333333,20,20,20
58003,4,Joe Ferguson,1273.2,"6' 3"" ",20,20,20,50,40,70,40,35,45,65,190.5,1273.6666666666667,20,20,20
60099,3,Phil Sondergaard,1273.0,"6' 4"" ",20,20,20,55,45,65,55,30,40,60,193.04,1273.0,20,20,20
63428,3,Josh Walters,1273.0,"6' 1"" ",20,20,20,55,60,45,60,45,60,35,185.42,1273.0,20,20,20
61470,3,Jose Nivelo,1271.2,"6' 4"" ",20,20,20,35,25,30,20,70,60,55,193.04,1271.6666666666667,20,20,20
59887,4,Edwin Saucedo,1270.1,"6' 0"" ",20,20,20,55,55,30,80,30,50,20,182.88,1270.333333333333,20,20,20
56874,7,Steve Boggs,1269.1,"5' 10""",20,20,20,25,25,55,25,55,55,75,177.8,1269.333333333333,20,20,20
60380,3,Vin Korte,1268.2,"6' 8"" ",20,20,20,35,25,45,20,50,50,65,203.2,1268.6666666666667,20,20,20
65564,4,Danny Haynes,1268.1,"6' 0"" ",20,20,20,80,60,50,65,35,50,45,182.88,1268.333333333333,20,20,20
57847,4,Jamie Alexander,1267.1,"6' 5"" ",20,20,20,65,50,65,65,55,45,50,195.57999999999998,1267.333333333333,20,20,20
58167,7,Dave Bolter,1266.2,"6' 2"" ",20,20,20,60,45,30,50,65,45,50,187.96,1266.6666666666667,20,20,20
61293,4,Alan Mueller,1265.2,"6' 1"" ",20,20,20,55,55,40,65,30,55,25,185.42,1265.6666666666667,20,20,20
67057,7,Mike Veach,1265.0,"6' 0"" ",20,20,20,35,30,50,30,65,50,50,182.88,1265.0,20,20,20
59309,4,Xavier Espinoza,1264.2,"6' 1"" ",20,25,20,75,80,65,70,55,60,65,185.42,1264.6666666666667,20,25,20
67059,3,Tommy Jones,1264.1,"6' 0"" ",20,20,20,50,45,45,20,65,60,60,182.88,1264.333333333333,20,20,20
56305,3,Dave Billman,1264.0,"6' 0"" ",20,20,20,40,55,35,50,30,50,25,182.88,1264.0,20,20,20
56733,4,Dennis Huot,1259.2,"6' 3"" ",20,20,20,60,55,40,65,40,50,25,190.5,1259.6666666666667,20,20,20
54985,4,Jose Uriarte,1257.0,"6' 4"" ",20,20,20,60,65,65,70,50,50,60,193.04,1257.0,20,20,20
67146,5,Dan Lemmon,1253.2,"6' 2"" ",20,20,20,65,60,70,65,40,50,75,187.96,1253.6666666666667,20,20,20
63134,6,Bob Hummer,1248.1,"6' 0"" ",20,20,20,70,65,55,70,45,45,55,182.88,1248.333333333333,20,20,20
59203,3,Devon Norris,1248.1,"6' 0"" ",20,20,20,50,50,75,50,50,35,75,182.88,1248.333333333333,20,20,20
65575,8,Gene Sheppard,1246.2,"6' 5"" ",20,20,20,45,45,60,45,60,55,70,195.57999999999998,1246.6666666666667,20,20,20
56847,7,Mike Fragoso,1246.0,"6' 7"" ",20,20,20,30,25,45,25,45,55,70,200.66,1246.0,20,20,20
54590,7,Mike Pierce,1246.0,"6' 2"" ",20,20,20,35,25,45,20,65,50,65,187.96,1246.0,20,20,20
55733,3,Zach Dunn,1244.1,"6' 4"" ",20,20,20,50,40,45,40,60,60,60,193.04,1244.333333333333,20,20,20
61572,3,Josh Copeland,1240.2,"6' 9"" ",20,20,20,40,35,30,25,45,30,40,205.74,1240.6666666666667,20,20,20
58047,3,Greg Kessler,1240.2,"5' 11""",20,20,20,60,50,35,65,30,50,25,180.34,1240.6666666666667,20,20,20
63182,4,Josh Hughes,1237.2,"6' 2"" ",20,20,20,70,65,60,65,55,55,55,187.96,1237.6666666666667,20,20,20
61295,3,Mike Baumhardt,1236.1,"6' 2"" ",20,20,20,40,40,40,20,35,25,30,187.96,1236.333333333333,20,20,20
57043,3,Yoshiaki Matsumura,1235.0,"5' 10""",20,20,20,60,60,50,60,20,45,30,177.8,1235.0,20,20,20
59585,4,Bo-young Kim,1231.0,"6' 4"" ",20,20,20,55,40,40,45,65,80,65,193.04,1231.0,20,20,20
58061,3,Mike Pasquale,1228.1,"6' 2"" ",20,20,20,65,55,75,55,40,60,65,187.96,1228.333333333333,20,20,20
55025,3,Danny Woldt,1228.0,"6' 1"" ",20,20,20,50,50,70,20,65,70,80,185.42,1228.0,20,20,20
60603,4,Tony Pitman,1221.0,"6' 1"" ",20,20,20,65,70,45,50,30,45,35,185.42,1221.0,20,20,20
57628,7,Kevin Wagner,1215.2,"6' 2"" ",20,20,20,30,25,60,25,60,60,80,187.96,1215.6666666666667,20,20,20
65670,4,Ben Flowers,1206.0,"6' 2"" ",20,20,20,70,65,55,60,70,55,55,187.96,1206.0,20,20,20
55832,3,Danny Ortega,1205.2,"6' 7"" ",20,20,20,55,40,55,20,60,55,65,200.66,1205.6666666666667,20,20,20
60090,4,Joe McGraw,1204.1,"6' 2"" ",20,20,20,80,65,65,70,65,55,55,187.96,1204.333333333333,20,20,20
63024,3,Malikai Hill,1203.2,"6' 0"" ",20,20,20,45,40,50,40,45,50,65,182.88,1203.6666666666667,20,20,20
59630,3,Bill Lopez,1200.2,"6' 5"" ",20,20,20,50,45,70,45,30,45,55,195.57999999999998,1200.6666666666667,20,20,20
58620,3,Nelson Armendariz,1199.2,"6' 1"" ",20,20,20,70,55,55,65,60,60,70,185.42,1199.6666666666667,20,20,20
54658,4,Jerry Frisch,1188.0,"6' 2"" ",20,20,20,45,50,70,45,20,45,65,187.96,1188.0,20,20,20
64114,7,Joe Leonard,1188.0,"6' 4"" ",20,20,20,35,35,45,35,60,60,55,193.04,1188.0,20,20,20
63276,4,Alex White,1185.0,"6' 4"" ",20,20,20,55,60,40,65,30,50,30,193.04,1185.0,20,20,20
54662,4,Angelo Polanco,1184.0,"6' 2"" ",20,20,20,65,65,55,50,40,40,45,187.96,1184.0,20,20,20
25278,7,Yondriel Moore,1175.1,"6' 4"" ",25,25,20,50,35,35,20,65,45,60,193.04,1175.333333333333,25,25,20
57979,1,Chris Johnston,1173.2,"6' 1"" ",20,20,20,25,30,50,20,60,70,65,185.42,1173.6666666666667,20,20,20
64138,3,Doug Sideris,1172.0,"6' 2"" ",20,20,25,40,35,35,20,30,30,30,187.96,1172.0,20,20,25
64926,6,Jose Tejeda,1172.0,"6' 1"" ",20,20,20,75,65,65,65,35,30,60,185.42,1172.0,20,20,20
61114,7,Wally Chastine,1166.2,"6' 1"" ",20,20,20,25,30,25,20,50,60,50,185.42,1166.6666666666667,20,20,20
63093,3,T.J. Kleinman,1160.0,"6' 5"" ",20,20,20,45,45,45,50,40,50,35,195.57999999999998,1160.0,20,20,20
63162,3,Greg Hobbs,1155.0,"6' 3"" ",20,20,20,50,65,55,45,40,60,60,190.5,1155.0,20,20,20
60333,3,Jimmy Lambert,1154.1,"6' 4"" ",20,20,25,65,45,60,55,50,45,55,193.04,1154.333333333333,20,20,25
55688,4,Agustin Aviles,1144.1,"6' 0"" ",20,20,20,60,70,60,55,35,50,45,182.88,1144.333333333333,20,20,20
58707,2,Edgar Pozas,1144.1,"5' 9"" ",20,20,20,55,45,50,20,70,55,65,175.26,1144.333333333333,20,20,20
53258,7,Ramon Benitez,1137.1,"6' 5"" ",20,20,20,20,25,40,25,40,70,70,195.57999999999998,1137.333333333333,20,20,20
54669,3,Jimmy Albitz,1135.1,"6' 2"" ",20,20,20,20,25,35,20,45,45,55,187.96,1135.333333333333,20,20,20
46245,3,Alex Castro,1134.2,"6' 3"" ",20,20,20,45,50,65,45,35,40,60,190.5,1134.6666666666667,20,20,20
56199,4,Jesus Fernandez,1133.0,"5' 11""",20,20,20,55,50,65,60,55,45,55,180.34,1133.0,20,20,20
57716,1,Josh Oldham,1131.0,"6' 0"" ",20,20,20,55,45,75,65,25,35,65,182.88,1131.0,20,20,20
56445,4,Nick Williams,1130.1,"5' 11""",20,20,20,55,80,65,75,45,60,55,180.34,1130.333333333333,20,20,20
61188,8,Jared Whitmoyer,1126.0,"6' 1"" ",20,20,20,40,25,50,25,80,50,65,185.42,1126.0,20,20,20
64148,8,Ben Friedli,1125.1,"6' 2"" ",20,20,20,35,40,35,30,65,70,55,187.96,1125.333333333333,20,20,20
51605,3,Joey Holland,1122.1,"6' 1"" ",20,20,20,30,30,45,30,50,70,65,185.42,1122.333333333333,20,20,20
57275,3,Brad Campos,1121.0,"6' 1"" ",20,20,20,35,40,30,35,25,50,45,185.42,1121.0,20,20,20
64134,7,Israel Gonzalez,1111.1,"6' 4"" ",25,20,20,25,25,40,20,55,50,65,193.04,1111.333333333333,25,20,20
44912,2,Emmanuel Ventura,1109.1,"6' 4"" ",65,70,65,25,35,55,25,25,25,55,193.04,1109.333333333333,65,70,65
61904,9,Ivan Corpus,1108.2,"6' 2"" ",20,20,20,35,35,45,20,55,55,65,187.96,1108.6666666666667,20,20,20
61680,2,Mario Valdez,1100.0,"6' 0"" ",55,50,50,50,30,45,25,25,25,45,182.88,1100.0,55,50,50
64210,2,Eric Landers,1099.2,"6' 0"" ",60,55,60,65,45,50,30,25,25,50,182.88,1099.6666666666667,60,55,60
58101,2,Leonard Blashill,1097.0,"6' 1"" ",70,65,75,30,35,60,25,35,25,60,185.42,1097.0,70,65,75
65586,2,Earnest Frontczak,1091.1,"6' 6"" ",60,60,40,35,45,30,40,35,30,30,198.12,1091.333333333333,60,60,40
57923,2,Tony Guerrero,1091.0,"6' 0"" ",80,80,70,35,45,55,50,30,40,65,182.88,1091.0,80,80,70
57011,2,Davis Herrera,1086.2,"6' 2"" ",80,75,65,35,40,50,25,25,45,55,187.96,1086.6666666666667,80,75,65
65491,2,Ben Pyka,1085.2,"5' 10""",70,60,55,25,40,45,25,25,25,45,177.8,1085.6666666666667,70,60,55
59261,7,Ron Stonestreet,1085.2,"6' 1"" ",20,20,20,50,40,60,20,55,55,75,185.42,1085.6666666666667,20,20,20
60670,2,Frank Mendoza,1085.1,"6' 1"" ",70,65,40,30,30,30,25,25,25,30,185.42,1085.333333333333,70,65,40
60526,2,Tim Gutierrez,1081.1,"6' 1"" ",65,60,45,25,40,35,20,30,30,40,185.42,1081.333333333333,65,60,45
59348,3,Sam Cagley,1079.1,"6' 2"" ",20,20,20,50,50,50,50,40,40,40,187.96,1079.333333333333,20,20,20
58904,3,Steve Hosmer,1077.1,"6' 5"" ",20,20,20,60,65,65,60,55,60,60,195.57999999999998,1077.333333333333,20,20,20
47547,4,Ivan Blanco,1066.2,"6' 2"" ",20,20,20,55,80,70,80,25,50,65,187.96,1066.6666666666667,20,20,20
55348,2,Mel Esquivel,1066.0,"6' 6"" ",80,75,55,25,25,40,25,30,45,45,198.12,1066.0,80,75,55
59881,7,Rick Saenz,1065.1,"5' 11""",20,20,20,35,30,50,20,55,50,65,180.34,1065.333333333333,20,20,20
60473,2,Mike Hester,1060.0,"6' 2"" ",45,40,40,45,35,50,35,40,35,40,187.96,1060.0,45,40,40
61300,3,Jim Brown,1052.1,"5' 11""",20,20,20,50,40,40,40,70,55,70,180.34,1052.333333333333,20,20,20
62056,4,Butch Edell,1052.0,"6' 4"" ",20,20,20,65,60,65,65,25,55,55,193.04,1052.0,20,20,20
63071,5,Mike Peterson,1051.2,"6' 0"" ",20,20,20,35,35,45,40,60,60,55,182.88,1051.6666666666667,20,20,20
64052,3,Bob Rankin,1047.1,"5' 10""",20,20,20,40,55,65,55,25,40,50,177.8,1047.333333333333,20,20,20
60602,6,Steve Hall,1047.0,"6' 4"" ",20,20,20,55,40,30,50,65,55,55,193.04,1047.0,20,20,20
60378,7,Chris Heinrich,1047.0,"6' 2"" ",20,20,20,60,45,30,20,70,65,45,187.96,1047.0,20,20,20
59365,8,Tony Eisenbeisz,1046.2,"6' 1"" ",20,20,20,65,50,30,55,80,50,55,185.42,1046.6666666666667,20,20,20
56498,3,Jaisten Adkins,1043.0,"6' 2"" ",20,20,20,60,60,65,40,35,50,60,187.96,1043.0,20,20,20
60656,2,Gus Gonzales,1037.2,"6' 2"" ",70,60,45,30,35,35,25,30,25,35,187.96,1037.6666666666667,70,60,45
55946,3,Mike Echols,1034.0,"6' 2"" ",20,20,20,45,40,40,40,55,50,65,187.96,1034.0,20,20,20
50487,3,Gilberto Romero,1026.0,"5' 10""",20,20,20,30,30,50,30,45,45,60,177.8,1026.0,20,20,20
60757,8,Tony Manzo,1019.2,"6' 0"" ",20,20,20,50,40,40,45,65,55,65,182.88,1019.6666666666669,20,20,20
54606,3,Joe Long,1017.1,"6' 2"" ",20,20,20,65,55,45,55,60,65,60,187.96,1017.3333333333334,20,20,20
62452,3,Tony Carlisle,1013.1,"6' 0"" ",20,20,20,40,35,30,25,25,25,35,182.88,1013.3333333333334,20,20,20
55690,7,Tony Epps,1006.1,"6' 3"" ",20,20,20,50,35,30,45,60,50,55,190.5,1006.3333333333334,20,20,20
61649,3,Tony Fuentes,1005.2,"6' 2"" ",20,20,20,35,30,50,25,50,50,60,187.96,1005.6666666666669,20,20,20
68471,2,Hector Gonzales,1005.2,"6' 0"" ",75,70,50,25,25,45,20,30,25,40,182.88,1005.6666666666669,75,70,50
67119,7,Kevin Coach,990.1,"6' 1"" ",20,20,20,40,35,40,20,70,50,60,185.42,990.3333333333334,20,20,20
49735,3,Octávio Baeta,987.2,"6' 1"" ",20,20,20,40,55,35,65,20,45,25,185.42,987.6666666666669,20,20,20
56799,3,Tony Ellington,985.1,"6' 1"" ",20,20,20,45,50,65,50,25,40,60,185.42,985.3333333333334,20,20,20
61703,4,Israel Ordaz,985.1,"6' 1"" ",20,20,20,60,60,50,40,35,45,50,185.42,985.3333333333334,20,20,20
64113,2,Chad Able,970.1,"6' 6"" ",65,65,70,55,35,50,25,35,25,50,198.12,970.3333333333334,65,65,70
68425,2,Ivan Guzman,970.0,"6' 1"" ",70,70,55,35,35,40,30,35,20,40,185.42,970.0,70,70,55
62223,5,Chris Ashley,969.2,"6' 2"" ",20,20,20,40,35,40,20,55,65,60,187.96,969.6666666666669,20,20,20
59275,2,Jeremy Thornton,964.0,"6' 1"" ",60,65,65,45,25,50,30,30,30,55,185.42,964.0,60,65,65
61333,3,Luis Escobedo,956.0,"6' 0"" ",20,20,25,55,50,50,55,35,40,35,182.88,956.0,20,20,25
64238,2,Chad Engle,953.1,"6' 3"" ",60,55,50,35,45,35,25,40,50,35,190.5,953.3333333333334,60,55,50
50115,3,Chad Hill,952.0,"6' 1"" ",20,20,25,55,40,45,20,50,55,65,185.42,952.0,20,20,25
55607,7,Mike Eastwood,949.1,"6' 2"" ",20,20,20,30,30,50,20,50,50,70,187.96,949.3333333333334,20,20,20
63826,4,Jose Infante,949.1,"6' 4"" ",20,20,25,65,60,50,60,45,30,50,193.04,949.3333333333334,20,20,25
68499,5,Jaquan Price,948.2,"6' 1"" ",25,25,30,45,60,55,45,65,60,50,185.42,948.6666666666669,25,25,30
54605,4,Josh Ennis,948.1,"6' 3"" ",20,20,20,55,65,65,70,20,40,65,190.5,948.3333333333334,20,20,20
61719,7,Alex Lopez,936.1,"5' 11""",20,20,20,40,30,25,40,65,50,35,180.34,936.3333333333334,20,20,20
60728,4,Hugo Vasquez,932.0,"5' 11""",20,20,20,50,40,35,40,65,60,60,180.34,932.0,20,20,20
64202,4,David Montoya,930.1,"6' 4"" ",20,20,20,60,50,60,50,45,50,60,193.04,930.3333333333334,20,20,20
62038,3,Chris Ortiz,929.2,"6' 2"" ",20,20,20,60,45,60,40,45,45,55,187.96,929.6666666666669,20,20,20
62053,4,Ken Steele,929.0,"6' 0"" ",20,20,20,75,55,60,50,20,45,55,182.88,929.0,20,20,20
60672,2,Pierluigi Mejia,927.1,"6' 2"" ",70,70,55,30,35,45,25,25,40,45,187.96,927.3333333333334,70,70,55
45330,3,Kevin Howard,920.1,"6' 2"" ",20,20,20,45,35,25,30,25,20,25,187.96,920.3333333333334,20,20,20
57779,3,Julio Gutierrez,918.2,"6' 2"" ",20,20,20,55,50,50,55,60,55,60,187.96,918.6666666666669,20,20,20
45891,7,Mike Hobbick,918.1,"6' 2"" ",20,20,20,25,25,50,20,50,50,70,187.96,918.3333333333334,20,20,20
65526,3,Mike Connell,915.2,"6' 2"" ",20,25,25,40,30,35,35,60,55,55,187.96,915.6666666666669,20,25,25
64275,2,Nate Albrecht,913.0,"6' 5"" ",60,60,55,40,20,45,25,30,40,50,195.57999999999998,913.0,60,60,55
58097,4,Max Wrisley,908.2,"6' 1"" ",20,20,20,60,65,35,75,35,55,25,185.42,908.6666666666669,20,20,20
47353,7,Jeff Capps,904.2,"6' 2"" ",20,20,20,25,25,25,20,60,50,40,187.96,904.6666666666669,20,20,20
57622,4,Jeff English,891.1,"6' 1"" ",20,20,20,60,60,70,60,50,30,65,185.42,891.3333333333334,20,20,20
62298,4,Oscar Concepcion,888.0,"6' 2"" ",20,20,20,70,60,70,55,35,40,70,187.96,888.0,20,20,20
62165,2,Alex Barragan,886.1,"6' 2"" ",75,70,50,30,30,50,20,40,30,45,187.96,886.3333333333334,75,70,50
63021,6,Josh Umana,880.1,"6' 0"" ",20,20,20,65,75,65,70,60,45,55,182.88,880.3333333333334,20,20,20
51508,7,Bobby Pruneda,874.2,"6' 5"" ",20,20,20,25,25,30,20,55,45,60,195.57999999999998,874.6666666666669,20,20,20
67346,6,Erik Coffman,874.1,"6' 2"" ",20,20,20,65,35,55,60,40,35,30,187.96,874.3333333333334,20,20,20
54999,4,Andy Cleveland,872.2,"6' 2"" ",20,20,20,45,40,55,40,65,50,75,187.96,872.6666666666669,20,20,20
69839,3,Tim Center,871.1,"6' 0"" ",20,20,20,50,60,35,50,45,45,40,182.88,871.3333333333334,20,20,20
47031,3,Vinny Lopez,860.1,"6' 2"" ",20,20,20,45,50,65,35,30,55,55,187.96,860.3333333333334,20,20,20
57659,1,Andy Beran,851.2,"6' 4"" ",20,20,20,35,30,40,20,70,45,55,193.04,851.6666666666669,20,20,20
61696,4,Danny Palencia,851.0,"6' 1"" ",20,20,20,75,65,60,65,50,45,50,185.42,851.0,20,20,20
59254,7,Eric McCullough,848.1,"6' 2"" ",20,20,20,60,50,55,35,70,55,60,187.96,848.3333333333334,20,20,20
57263,2,Danny Maldonado,845.0,"6' 2"" ",75,70,60,40,35,45,25,20,25,45,187.96,845.0,75,70,60
61454,4,Jonathan Strong,844.0,"6' 3"" ",20,20,20,50,35,30,35,70,45,60,190.5,844.0,20,20,20
64121,3,Jim Towler,838.2,"6' 6"" ",20,20,20,35,30,55,25,55,55,60,198.12,838.6666666666669,20,20,20
67077,4,Manny Bates,825.2,"6' 0"" ",20,20,25,60,70,65,60,35,65,60,182.88,825.6666666666669,20,20,25
56110,3,Dong-su Kim,822.2,"6' 4"" ",20,20,20,55,55,55,60,45,50,45,193.04,822.6666666666669,20,20,20
60701,3,Antonino Sellecca,822.2,"6' 5"" ",20,20,20,60,45,70,45,25,50,70,195.57999999999998,822.6666666666669,20,20,20
61575,3,Joe LeBas,819.2,"6' 3"" ",20,20,20,60,45,45,20,65,50,55,190.5,819.6666666666669,20,20,20
61437,8,Chris Skinner,817.2,"6' 2"" ",20,20,20,30,30,55,25,70,50,50,187.96,817.6666666666669,20,20,20
59712,5,Guibert Runggaldier,811.2,"6' 1"" ",20,20,20,45,75,65,35,20,45,60,185.42,811.6666666666669,20,20,20
60105,3,Beau Davis,811.0,"6' 3"" ",20,20,20,55,40,30,45,60,45,45,190.5,811.0,20,20,20
56489,2,Tony Sierra,809.1,"6' 1"" ",35,40,60,45,50,65,40,20,45,65,185.42,809.3333333333334,35,40,60
54777,6,Billy Jones,807.2,"6' 2"" ",20,20,20,60,65,60,70,35,40,50,187.96,807.6666666666669,20,20,20
49119,2,Jack Reichert,806.2,"6' 4"" ",50,55,50,35,25,40,25,40,40,40,193.04,806.6666666666669,50,55,50
59053,2,Jared Matthews,793.2,"6' 0"" ",65,60,55,25,40,50,25,35,40,45,182.88,793.6666666666669,65,60,55
58681,5,Ken Panek,793.1,"6' 2"" ",20,20,20,45,55,80,40,45,45,75,187.96,793.3333333333334,20,20,20
60803,4,Jorge Becerra,792.2,"6' 2"" ",20,20,20,55,60,60,60,50,50,50,187.96,792.6666666666669,20,20,20
63022,2,Tim Wojciechowski,788.1,"6' 1"" ",70,75,75,25,20,60,25,30,35,60,185.42,788.3333333333334,70,75,75
47911,3,Jose Chinea,784.2,"6' 4"" ",20,20,20,45,50,60,70,20,45,50,193.04,784.6666666666669,20,20,20
59239,3,Steve Gunn,782.0,"6' 2"" ",20,20,20,60,45,80,50,30,40,80,187.96,782.0,20,20,20
63017,5,Victor Ortiz,782.0,"6' 0"" ",20,20,20,55,60,65,35,55,45,60,182.88,782.0,20,20,20
65993,7,Henry Dionne,779.0,"5' 11""",20,20,20,35,35,35,30,50,75,55,180.34,779.0,20,20,20
62997,6,Chris Murphy,775.0,"6' 0"" ",20,20,20,60,50,65,65,45,50,60,182.88,775.0,20,20,20
60611,7,Josh Dickert,769.1,"6' 2"" ",20,20,20,30,30,40,20,45,45,55,187.96,769.3333333333334,20,20,20
65539,7,Mike Rizo,754.2,"6' 6"" ",20,20,20,35,35,45,20,65,55,65,198.12,754.6666666666669,20,20,20
61661,3,Leo Ramirez,742.0,"6' 3"" ",20,20,20,70,65,60,60,45,40,50,190.5,742.0,20,20,20
61480,4,Johnny Corona,736.0,"6' 2"" ",20,20,20,60,50,55,60,55,45,60,187.96,736.0,20,20,20
58885,3,Luis Leyva,734.0,"6' 0"" ",20,20,20,55,50,60,45,50,50,50,182.88,734.0,20,20,20
61976,2,Steve Diehl,731.0,"6' 2"" ",60,60,65,30,35,50,25,25,40,55,187.96,731.0,60,60,65
53422,5,Danny Rivera,728.1,"6' 1"" ",20,20,20,65,55,70,65,35,50,60,185.42,728.3333333333334,20,20,20
48633,3,Rick Torrez,728.0,"6' 5"" ",20,20,20,50,35,40,40,55,50,50,195.57999999999998,728.0,20,20,20
55332,4,Takehisa Kawasaki,726.1,"6' 3"" ",20,20,20,65,55,35,65,65,70,55,190.5,726.3333333333334,20,20,20
59606,2,Raul Medina,724.2,"6' 2"" ",60,65,50,25,35,45,20,50,25,40,187.96,724.6666666666669,60,65,50
58151,3,Chris Fowler,720.2,"6' 4"" ",20,20,20,45,40,35,20,60,65,60,193.04,720.6666666666669,20,20,20
47956,2,Dong-hwan Ahn,716.1,"6' 1"" ",60,60,45,20,25,40,20,20,35,40,185.42,716.3333333333334,60,60,45
56405,7,Beau Clark,714.1,"6' 2"" ",20,20,20,20,25,45,20,50,40,60,187.96,714.3333333333334,20,20,20
56784,4,Nate Dukes,713.1,"6' 2"" ",20,20,20,75,75,55,70,45,40,55,187.96,713.3333333333334,20,20,20
61972,4,Tim Dodd,708.1,"6' 2"" ",20,20,20,55,60,40,60,45,45,25,187.96,708.3333333333334,20,20,20
60247,7,Benny Metz,705.0,"6' 5"" ",20,20,20,40,35,40,20,55,45,65,195.57999999999998,705.0,20,20,20
62706,2,Ignacio del Bosque,700.0,"6' 3"" ",60,55,55,30,40,50,20,35,40,50,190.5,700.0,60,55,55
59756,3,Angel Melendez,697.2,"6' 2"" ",20,20,20,35,45,35,30,35,40,30,187.96,697.6666666666669,20,20,20
59238,3,Andy Nixon,691.2,"6' 4"" ",20,20,20,60,75,75,65,70,70,70,193.04,691.6666666666669,20,20,20
57597,3,Chris Groff,670.0,"6' 4"" ",20,20,20,65,50,40,20,55,50,50,193.04,670.0,20,20,20
48683,2,Alex Navarro,655.2,"6' 5"" ",55,55,55,25,35,40,20,35,25,40,195.57999999999998,655.6666666666669,55,55,55
65328,2,Mike Eskins,651.2,"6' 0"" ",55,55,50,25,20,50,25,35,45,50,182.88,651.6666666666669,55,55,50
63086,4,Namath Glenn,645.0,"6' 2"" ",20,20,20,70,65,55,55,50,55,50,187.96,645.0,20,20,20
65550,6,Devin Bratton,640.0,"6' 4"" ",20,25,20,50,40,40,45,65,55,60,193.04,640.0,20,25,20
63759,7,Tony Jaimes,632.2,"6' 3"" ",20,20,20,55,40,35,45,65,60,55,190.5,632.6666666666669,20,20,20
61520,7,Sam Guinther,631.1,"6' 4"" ",20,20,20,40,30,50,30,55,55,55,193.04,631.3333333333334,20,20,20
53604,2,Bob Haslup,622.1,"6' 6"" ",20,20,20,25,25,55,20,50,50,70,198.12,622.3333333333334,20,20,20
53979,2,Rod Verga,618.2,"6' 1"" ",60,65,55,25,30,35,25,20,40,35,185.42,618.6666666666669,60,65,55
55360,8,Tatashi Horita,616.1,"6' 3"" ",20,20,20,45,45,50,20,50,75,75,190.5,616.3333333333334,20,20,20
56923,3,Mike Cumbie,616.0,"6' 1"" ",20,20,20,45,45,60,40,45,45,55,185.42,616.0,20,20,20
60628,2,Chris Venhaus,614.0,"6' 4"" ",20,20,20,30,30,30,25,30,40,30,193.04,614.0,20,20,20
65914,2,Isaiah Reid,612.1,"6' 6"" ",60,60,50,35,55,40,25,35,50,45,198.12,612.3333333333334,60,60,50
61397,1,Kevin Naclerio,610.0,"6' 2"" ",20,20,20,50,45,65,35,25,40,60,187.96,610.0,20,20,20
19591,2,Chris Rankin,596.2,"6' 1"" ",70,70,70,45,35,55,25,25,30,55,185.42,596.6666666666669,70,70,70
59213,2,Joel Barnes,595.1,"6' 2"" ",20,20,20,60,45,55,60,50,45,50,187.96,595.3333333333334,20,20,20
67049,4,Mike Wicker,594.1,"6' 0"" ",20,20,20,55,55,35,70,40,55,25,182.88,594.3333333333334,20,20,20
57595,7,Alex Diaz,591.0,"6' 1"" ",20,20,20,35,25,40,20,55,40,55,185.42,591.0,20,20,20
62070,7,Bob Applebaum,588.2,"6' 0"" ",20,20,20,45,45,30,20,70,55,50,182.88,588.6666666666669,20,20,20
57940,3,Alfredo Ruiz,588.2,"6' 4"" ",20,20,20,30,35,35,25,40,25,35,193.04,588.6666666666669,20,20,20
64090,1,Mike Ragsdale,588.1,"6' 2"" ",20,20,25,30,25,55,30,60,50,60,187.96,588.3333333333334,20,20,25
64106,2,Willie Abella,587.0,"6' 1"" ",20,20,20,60,65,65,55,65,55,60,185.42,587.0,20,20,20
55056,4,Danny McCracken,584.2,"6' 2"" ",20,20,20,50,50,75,55,65,45,70,187.96,584.6666666666669,20,20,20
64213,4,Jared Hazley,582.0,"6' 6"" ",20,20,20,60,60,65,40,40,50,55,198.12,582.0,20,20,20
56978,4,Julio Yarnel Harwell,579.0,"6' 1"" ",20,20,20,45,35,35,40,55,45,45,185.42,579.0,20,20,20
57673,4,Jose Mejia,569.0,"5' 10""",20,20,20,60,45,55,50,45,50,45,177.8,569.0,20,20,20
60361,7,Jaime Beck,563.1,"5' 11""",20,20,20,45,40,30,20,55,60,50,180.34,563.3333333333334,20,20,20
58000,5,Sean Blanchard,557.2,"6' 4"" ",20,20,20,65,70,65,60,35,50,55,193.04,557.6666666666669,20,20,20
58809,3,Dusty Flanagan,557.0,"6' 0"" ",20,20,20,45,45,45,55,30,50,35,182.88,557.0,20,20,20
60349,7,Dusty Bailey,548.1,"6' 0"" ",20,20,20,30,25,50,30,60,45,55,182.88,548.3333333333334,20,20,20
64161,5,Kurt Donnelly,547.0,"6' 2"" ",20,20,20,35,60,45,30,30,35,65,187.96,547.0,20,20,20
61280,4,Kevin Britnell,541.2,"6' 5"" ",20,20,20,60,55,65,60,65,55,70,195.57999999999998,541.6666666666669,20,20,20
63103,4,Cameron Bridgeman,540.2,"6' 4"" ",20,20,20,70,60,60,60,50,50,55,193.04,540.6666666666669,20,20,20
62241,4,Justin Barberini,540.1,"5' 10""",20,20,20,55,45,70,50,30,40,60,177.8,540.3333333333334,20,20,20
54636,2,Tim Newcomb,534.1,"6' 3"" ",70,75,45,50,40,30,20,25,55,30,190.5,534.3333333333334,70,75,45
61201,3,Dylan Todman,533.2,"6' 1"" ",20,20,20,55,40,45,45,65,45,60,185.42,533.6666666666669,20,20,20
55058,1,Joe Lewis,527.2,"6' 7"" ",20,20,20,35,30,65,30,50,55,70,200.66,527.6666666666669,20,20,20
47557,2,Brad Carroll,522.0,"6' 0"" ",70,65,60,30,40,50,20,30,35,50,182.88,522.0,70,65,60
62071,3,Dan Pace,521.2,"5' 10""",20,20,20,25,30,40,25,35,55,45,177.8,521.6666666666669,20,20,20
65655,4,Sam Flynn,513.0,"6' 0"" ",20,20,20,45,40,35,45,70,70,60,182.88,513.0,20,20,20
58947,7,Mike Coffin,512.1,"6' 6"" ",20,20,20,25,30,50,20,60,60,60,198.12,512.3333333333334,20,20,20
62567,3,Pete Hester,509.1,"6' 5"" ",20,20,20,40,55,25,45,25,35,35,195.57999999999998,509.3333333333334,20,20,20
65953,7,Chris Minnis,509.1,"6' 3"" ",20,20,20,45,35,35,40,70,55,50,190.5,509.3333333333334,20,20,20
64079,2,Steve Morgan,509.1,"6' 4"" ",70,70,50,25,40,40,20,30,35,40,193.04,509.3333333333334,70,70,50
54698,3,Jake Armbruster,507.1,"6' 4"" ",20,20,20,45,50,65,55,55,50,65,193.04,507.3333333333334,20,20,20
62888,7,Jerry Fusia,503.2,"6' 3"" ",20,20,20,55,40,45,40,70,50,60,190.5,503.66666666666663,20,20,20
62237,7,Mike Harwood,500.0,"6' 0"" ",20,20,20,55,45,50,50,75,55,55,182.88,500.0,20,20,20
63836,3,Juan Posada,499.0,"6' 0"" ",20,20,20,60,65,65,50,40,50,65,182.88,499.0,20,20,20
56852,4,Juan Barrera,498.1,"6' 4"" ",20,20,20,70,70,55,65,50,55,50,193.04,498.3333333333334,20,20,20
63525,5,Sam Page,497.1,"6' 1"" ",20,20,20,60,55,60,45,40,40,55,185.42,497.3333333333334,20,20,20
59611,3,Bobby Cabrera,496.1,"6' 0"" ",20,20,20,35,50,45,65,25,50,30,182.88,496.3333333333334,20,20,20
62376,4,Steve Staszak,495.1,"6' 2"" ",20,20,20,55,45,45,45,60,50,65,187.96,495.3333333333334,20,20,20
62620,4,Eric Barrett,493.0,"6' 2"" ",20,20,20,75,55,60,60,55,45,55,187.96,493.0,20,20,20
61576,3,Naldo Velez,490.2,"5' 11""",20,20,25,50,40,30,45,60,60,45,180.34,490.66666666666663,20,20,25
51493,3,Kevin Baglioni,490.1,"6' 2"" ",20,20,25,40,60,70,60,40,55,65,187.96,490.3333333333334,20,20,25
58788,3,Jarred Parish,490.0,"6' 0"" ",20,20,20,30,30,35,25,20,35,30,182.88,490.0,20,20,20
45061,4,Termarr Johnson,477.0,"5' 10""",20,20,20,55,65,60,70,45,50,45,177.8,477.0,20,20,20
59680,2,Jon Diaz,476.2,"6' 0"" ",65,65,55,35,40,50,25,25,25,45,182.88,476.66666666666663,65,65,55
60773,2,Luis Ayala,473.2,"6' 4"" ",60,60,50,30,35,45,30,45,20,45,193.04,473.66666666666663,60,60,50
58856,3,Jim Donohue,472.0,"5' 11""",20,20,20,45,30,45,20,70,70,60,180.34,472.0,20,20,20
60444,3,Josh Morgan,471.1,"6' 2"" ",20,20,20,45,35,45,40,65,45,70,187.96,471.3333333333334,20,20,20
66662,2,Jorge Marin,469.2,"6' 4"" ",45,50,50,30,35,45,30,35,45,50,193.04,469.66666666666663,45,50,50
67052,4,Chris Gates,465.0,"6' 0"" ",20,20,20,65,60,65,65,50,55,70,182.88,465.0,20,20,20
59331,3,Danny Viera,462.0,"6' 1"" ",20,25,20,65,50,55,50,50,40,60,185.42,462.0,20,25,20
52474,3,Ruben Artiga,451.2,"6' 0"" ",20,20,20,55,65,55,65,30,50,45,182.88,451.66666666666663,20,20,20
52405,3,Frank Vivar,451.1,"6' 3"" ",20,20,20,55,60,55,65,25,45,35,190.5,451.3333333333334,20,20,20
47288,4,Elias Ramos,449.2,"6' 4"" ",20,20,20,50,35,35,20,65,45,55,193.04,449.66666666666663,20,20,20
62496,9,Rogelio Ribera,449.0,"6' 2"" ",20,20,20,50,40,35,45,60,55,50,187.96,449.0,20,20,20
55906,2,Jonah Clause,439.1,"6' 3"" ",65,65,60,30,45,55,20,20,55,50,190.5,439.3333333333334,65,65,60
55067,7,Steve Gibson,437.0,"6' 2"" ",20,20,20,30,25,45,30,50,55,70,187.96,437.0,20,20,20
58004,3,Eric Rios,433.2,"6' 4"" ",20,20,20,65,50,40,20,65,50,55,193.04,433.66666666666663,20,20,20
58942,4,Ron Lyle,431.1,"6' 1"" ",20,20,20,60,55,55,70,25,50,55,185.42,431.3333333333334,20,20,20
58114,3,Hector Melendez,428.1,"6' 1"" ",20,20,20,45,45,55,70,40,50,45,185.42,428.3333333333334,20,20,20
61481,4,Bobby Gaskin,427.0,"6' 4"" ",20,20,20,55,35,45,40,75,60,55,193.04,427.0,20,20,20
55887,2,Dylan Larson,421.1,"6' 1"" ",55,55,60,45,25,25,25,25,40,30,185.42,421.3333333333334,55,55,60
63216,4,Sam Graham,408.2,"5' 11""",20,20,20,60,50,50,70,55,45,40,180.34,408.66666666666663,20,20,20
64065,3,Doug Heckman,405.0,"5' 11""",30,35,30,60,55,70,35,30,50,45,180.34,405.0,30,35,30
57892,4,Dave Rippon,404.0,"6' 5"" ",20,20,20,65,55,65,55,50,50,55,195.57999999999998,404.0,20,20,20
59195,7,David Nanez,400.1,"6' 3"" ",20,20,20,25,30,45,20,45,60,70,190.5,400.3333333333334,20,20,20
62721,2,Jordan Granada,398.2,"6' 1"" ",20,20,25,50,45,45,50,65,50,55,185.42,398.66666666666663,20,20,25
59975,5,Mike Thompson,397.0,"6' 2"" ",20,20,20,55,70,65,35,40,50,65,187.96,397.0,20,20,20
59278,3,Jeff Bartlow,396.1,"6' 7"" ",20,20,20,30,30,50,20,50,40,65,200.66,396.3333333333334,20,20,20
62088,2,Jon Stein,396.1,"6' 1"" ",60,55,45,30,35,30,20,50,25,35,185.42,396.3333333333334,60,55,45
58039,8,Danny Clark,390.1,"6' 0"" ",20,20,20,30,25,40,20,65,75,65,182.88,390.3333333333334,20,20,20
62043,5,James Frey,384.0,"6' 1"" ",20,20,20,50,50,65,35,40,55,65,185.42,384.0,20,20,20
60503,2,Manny Guzman,379.2,"5' 10""",45,50,45,40,40,60,25,30,25,30,177.8,379.66666666666663,45,50,45
55846,3,Jim Baker,375.1,"6' 4"" ",20,20,20,40,40,30,20,55,65,50,193.04,375.3333333333334,20,20,20
57881,7,Andy Beeley,374.0,"6' 3"" ",20,20,20,30,30,70,25,60,60,80,190.5,374.0,20,20,20
58970,2,Sandy Marez,373.2,"6' 1"" ",70,75,40,25,25,25,20,25,45,25,185.42,373.66666666666663,70,75,40
60772,7,Alvaro Grajales,373.0,"6' 1"" ",20,20,20,50,35,40,20,70,50,60,185.42,373.0,20,20,20
61319,2,Jeff Vaughan,367.1,"6' 1"" ",45,55,50,30,30,25,20,35,20,30,185.42,367.3333333333334,45,55,50
59985,2,Dan Sorrell,366.1,"6' 2"" ",60,60,45,30,30,25,25,20,35,30,187.96,366.3333333333334,60,60,45
59281,2,Dave Flowers,364.1,"6' 0"" ",60,60,50,20,25,40,20,20,45,40,182.88,364.3333333333334,60,60,50
61461,2,Jamie Schmelz,364.0,"6' 0"" ",70,65,60,30,30,50,20,40,45,50,182.88,364.0,70,65,60
57945,2,Ernie Johnson,363.2,"6' 2"" ",65,65,45,20,35,40,20,20,40,40,187.96,363.66666666666663,65,65,45
56878,2,Mike Camilli,361.1,"6' 2"" ",60,55,60,25,45,40,25,25,35,45,187.96,361.3333333333334,60,55,60
65718,1,Jeff Dyer,358.1,"6' 4"" ",70,70,60,30,40,50,25,30,40,50,193.04,358.3333333333334,70,70,60
64092,4,Chris Eaton,354.1,"6' 1"" ",20,20,20,65,65,75,45,45,50,60,185.42,354.3333333333334,20,20,20
51108,3,Oscar Alberganza,346.1,"6' 1"" ",20,20,20,40,55,35,55,20,45,25,185.42,346.3333333333334,20,20,20
46957,7,Chris Scott,346.0,"6' 4"" ",20,20,20,25,25,30,20,45,50,50,193.04,346.0,20,20,20
55790,4,Hugo Lua,340.0,"6' 4"" ",20,20,20,55,55,80,65,20,45,75,193.04,340.0,20,20,20
56958,2,Dave Tuttle,339.2,"6' 3"" ",60,60,40,30,35,30,25,25,25,30,190.5,339.66666666666663,60,60,40
56810,3,Mike Galletto,338.0,"6' 6"" ",20,20,20,55,45,45,50,55,50,55,198.12,338.0,20,20,20
48759,5,Danny Betancourt,329.2,"6' 2"" ",20,20,20,55,50,65,35,30,40,60,187.96,329.66666666666663,20,20,20
60050,2,Jeremy Kuntz,329.2,"6' 1"" ",50,50,45,40,35,35,35,25,25,35,185.42,329.66666666666663,50,50,45
55017,3,Rodolfo Nava,329.2,"6' 3"" ",20,20,20,30,25,35,20,50,50,55,190.5,329.66666666666663,20,20,20
56002,3,Alex Cuadra,324.1,"6' 3"" ",20,25,25,50,55,70,40,30,50,65,190.5,324.3333333333334,20,25,25
65202,7,Adrian Mendez,320.0,"6' 4"" ",20,20,20,35,25,40,25,45,45,45,193.04,320.0,20,20,20
68598,4,Jake Clark,319.2,"6' 0"" ",20,20,20,55,60,45,45,35,55,35,182.88,319.66666666666663,20,20,20
64136,7,Mac Daye,314.2,"6' 1"" ",20,20,20,25,25,55,20,60,55,70,185.42,314.66666666666663,20,20,20
61726,2,Ivan Sosa,307.1,"5' 10""",60,65,55,20,35,30,25,35,35,35,177.8,307.3333333333334,60,65,55
59297,4,Joey Thompson,304.2,"6' 4"" ",20,20,20,60,50,70,60,30,40,65,193.04,304.66666666666663,20,20,20
58399,6,Keiran Dunne,304.0,"6' 4"" ",20,20,25,75,60,50,60,65,50,75,193.04,304.0,20,20,25
58829,9,Alexis Flores,300.0,"6' 0"" ",20,20,20,25,25,60,20,40,50,75,182.88,300.0,20,20,20
46394,3,Dante Ester,297.2,"5' 9"" ",20,20,20,65,50,50,50,60,45,50,175.26,297.66666666666663,20,20,20
56989,3,Tim Morger,295.1,"6' 2"" ",25,25,25,50,45,70,35,45,40,60,187.96,295.3333333333334,25,25,25
59425,4,Greguorio Cortinas,294.1,"6' 3"" ",20,20,20,55,50,60,50,40,40,55,190.5,294.3333333333334,20,20,20
65240,3,Danny Arzola,294.0,"6' 4"" ",20,20,20,55,60,60,60,40,45,45,193.04,294.0,20,20,20
60738,4,Danny Pelaez,292.2,"5' 10""",20,20,20,65,50,60,55,50,50,60,177.8,292.66666666666663,20,20,20
53776,7,Bob Corn,286.2,"6' 3"" ",20,20,20,30,40,35,20,40,45,60,190.5,286.66666666666663,20,20,20
62454,3,Ken Sensel,285.2,"6' 4"" ",20,20,20,50,50,45,70,30,50,30,193.04,285.66666666666663,20,20,20
63051,3,J.J. Rowland,282.1,"6' 4"" ",20,20,20,50,45,35,20,65,50,55,193.04,282.3333333333334,20,20,20
62881,3,Will Olvera,279.1,"6' 1"" ",20,20,20,65,55,65,40,40,45,55,185.42,279.3333333333334,20,20,20
53273,2,Federico Agosto,270.1,"6' 1"" ",35,35,35,20,20,30,25,30,25,30,185.42,270.3333333333334,35,35,35
56900,3,Eric Maxwell,252.1,"6' 2"" ",20,20,20,25,25,50,25,45,45,60,187.96,252.33333333333331,20,20,20
66396,3,Jose Ochoa,246.0,"6' 4"" ",20,20,20,65,50,45,50,30,45,30,193.04,246.0,20,20,20
60570,3,Joe Branton,243.1,"6' 6"" ",20,20,20,35,35,40,20,55,50,60,198.12,243.33333333333331,20,20,20
63111,2,Sergio Cintron,243.1,"6' 1"" ",55,55,45,35,40,50,40,20,30,45,185.42,243.33333333333331,55,55,45
63373,7,Judah Liggins,242.0,"6' 3"" ",20,20,25,40,35,45,30,50,65,55,190.5,242.0,20,20,25
67038,6,Chris Rosales,237.2,"6' 1"" ",20,20,20,65,60,65,70,50,45,55,185.42,237.66666666666663,20,20,20
26487,3,Jeremy Holtzman,236.2,"6' 3"" ",20,20,20,55,50,55,60,45,45,45,190.5,236.66666666666663,20,20,20
65607,7,Victor Najera,229.2,"6' 1"" ",20,20,20,35,30,60,35,60,55,65,185.42,229.66666666666663,20,20,20
53277,3,Arturo Vega,229.2,"6' 0"" ",20,20,30,35,55,70,50,35,55,55,182.88,229.66666666666663,20,20,30
60529,7,Phil Dismore,224.0,"6' 1"" ",20,20,20,40,30,40,35,55,55,55,185.42,224.0,20,20,20
56189,3,Jose Ruiz,220.1,"6' 1"" ",20,20,20,35,35,35,20,55,60,60,185.42,220.33333333333331,20,20,20
62173,7,Jeff Smiley,219.0,"6' 0"" ",20,20,25,25,25,55,20,55,55,65,182.88,219.0,20,20,25
63156,3,Eric Rutland,214.2,"6' 1"" ",20,20,20,40,35,30,25,35,40,25,185.42,214.66666666666663,20,20,20
61484,3,Mike Durham,211.1,"5' 11""",20,20,20,55,50,55,50,50,40,50,180.34,211.33333333333331,20,20,20
60179,3,Mike Looney,210.0,"6' 2"" ",20,20,20,25,25,35,20,35,60,45,187.96,210.0,20,20,20
60112,3,Tony Gomez,208.0,"6' 1"" ",20,25,20,30,35,55,20,45,65,70,185.42,208.0,20,25,20
60722,3,Juan Balboa,204.0,"6' 0"" ",20,20,20,40,55,65,45,30,55,55,182.88,204.0,20,20,20
62341,4,Doug Lunsford,199.1,"6' 2"" ",20,20,20,55,65,60,70,30,55,55,187.96,199.33333333333331,20,20,20
64510,4,Cesar Cardoza,188.2,"6' 1"" ",20,20,20,70,70,75,65,50,50,75,185.42,188.66666666666663,20,20,20
62414,1,Marcus Petway,185.0,"6' 7"" ",20,20,20,35,30,50,20,45,40,45,200.66,185.0,20,20,20
63271,7,Pete Bock,181.2,"6' 2"" ",20,20,20,25,25,45,25,55,50,60,187.96,181.66666666666663,20,20,20
50853,3,Tony Moreno,181.0,"6' 1"" ",20,20,20,30,40,40,65,25,45,25,185.42,181.0,20,20,20
48858,9,Jose Natal,180.0,"6' 2"" ",20,20,20,40,40,55,45,50,65,70,187.96,180.0,20,20,20
64253,3,Bobby Murphree,179.0,"6' 1"" ",20,20,20,60,60,45,60,40,55,35,185.42,179.0,20,20,20
55908,3,Jake Henneberry,178.0,"6' 2"" ",20,20,20,55,60,45,45,45,50,35,187.96,178.0,20,20,20
62176,4,Joe Joe Billings,177.2,"6' 0"" ",20,20,20,70,60,55,45,50,45,60,182.88,177.66666666666663,20,20,20
63011,4,Robby Roof,176.0,"5' 11""",20,20,20,70,60,50,65,25,50,30,180.34,176.0,20,20,20
55828,2,Erik Lapidus,175.0,"6' 5"" ",55,60,55,35,25,40,25,30,30,45,195.57999999999998,175.0,55,60,55
62586,4,Pat Owen,174.0,"6' 4"" ",20,20,20,40,35,55,30,70,65,65,193.04,174.0,20,20,20
64208,8,Nehemiah Hylton,171.1,"6' 7"" ",20,25,20,30,30,45,20,65,55,65,200.66,171.33333333333331,20,25,20
59175,2,Ramon Gonzales,170.1,"6' 3"" ",50,50,55,35,30,50,25,45,20,40,190.5,170.33333333333331,50,50,55
55340,3,Jesus Cardozo,169.0,"6' 4"" ",20,20,20,35,35,30,25,50,45,30,193.04,169.0,20,20,20
61609,2,Joel Salmon,168.0,"6' 2"" ",65,65,55,40,35,50,20,25,30,55,187.96,168.0,65,65,55
57671,4,Pat McGlynn,167.2,"6' 2"" ",20,20,20,50,55,60,65,30,45,50,187.96,167.66666666666663,20,20,20
67107,3,Chris Leonard,165.0,"6' 0"" ",20,20,20,45,50,50,65,45,55,40,182.88,165.0,20,20,20
63181,4,Joel Roberts,165.0,"6' 3"" ",20,20,20,70,60,70,50,35,45,60,190.5,165.0,20,20,20
57950,3,Mel Moreno,164.1,"6' 1"" ",20,20,20,40,40,40,25,45,35,50,185.42,164.33333333333331,20,20,20
65254,3,Jorge Espinosa,164.0,"6' 1"" ",20,20,20,35,35,35,30,45,55,45,185.42,164.0,20,20,20
64174,3,Dan Makuch,163.1,"6' 1"" ",20,20,20,55,60,55,60,20,30,50,185.42,163.33333333333331,20,20,20
52638,8,Lupe Mendoza,158.0,"6' 1"" ",20,20,20,45,45,45,40,60,55,60,185.42,158.0,20,20,20
54156,4,Jesus Gonzales,157.1,"5' 10""",20,20,20,50,55,35,55,50,50,30,177.8,157.33333333333331,20,20,20
60548,7,Jarrod Klauser,156.2,"6' 3"" ",20,20,20,50,40,40,45,65,50,55,190.5,156.66666666666663,20,20,20
60128,3,Jamie Eberhardt,156.1,"6' 4"" ",20,20,20,55,55,60,55,50,70,55,193.04,156.33333333333331,20,20,20
60329,5,Donzel Bondurant,156.0,"6' 1"" ",20,20,20,60,55,65,40,45,50,55,185.42,156.0,20,20,20
62290,4,Eric Mackle,155.2,"6' 1"" ",20,20,20,60,60,50,55,35,60,35,185.42,155.66666666666663,20,20,20
61357,7,Dave Cox,155.1,"6' 4"" ",20,20,20,30,30,45,20,55,50,60,193.04,155.33333333333331,20,20,20
64192,3,Sam Stephens,154.1,"6' 1"" ",20,20,20,40,55,55,60,45,45,50,185.42,154.33333333333331,20,20,20
55062,3,Jonathan Bauers,149.0,"6' 8"" ",20,20,20,35,30,35,20,55,45,50,203.2,149.0,20,20,20
67070,4,Steve Petty,140.0,"6' 4"" ",20,20,20,55,65,40,65,40,60,30,193.04,140.0,20,20,20
60768,3,Juan Olalde,138.0,"6' 1"" ",20,20,20,40,45,30,75,40,40,25,185.42,138.0,20,20,20
55885,7,Branden Buchhop,133.0,"6' 7"" ",20,20,20,25,25,40,20,50,50,60,200.66,133.0,20,20,20
60618,3,Kevin Felder,129.2,"6' 2"" ",20,20,20,35,35,35,20,50,50,55,187.96,129.66666666666663,20,20,20
59401,2,Jamie Minton,128.0,"6' 2"" ",60,65,50,30,30,40,20,40,30,40,187.96,128.0,60,65,50
49423,3,Anthony Silva,124.1,"6' 2"" ",20,20,25,40,65,55,55,35,45,40,187.96,124.33333333333331,20,20,25
64258,7,Chris LeRoy,123.1,"5' 11""",20,20,20,35,30,55,30,60,50,60,180.34,123.33333333333331,20,20,20
71236,7,Danny Erb,119.0,"6' 1"" ",25,25,30,30,30,45,25,65,65,55,185.42,119.0,25,25,30
63313,7,Andy Sosebee,118.0,"6' 0"" ",20,20,20,50,40,35,40,60,55,60,182.88,118.0,20,20,20
23740,7,Phil Miner,113.1,"6' 4"" ",20,20,20,30,25,50,30,45,45,55,193.04,113.33333333333331,20,20,20
68811,4,Chad Truemper,112.1,"6' 4"" ",20,20,20,65,60,50,55,50,50,55,193.04,112.33333333333331,20,20,20
61561,2,Franklin Guerrero,111.2,"6' 0"" ",40,45,40,35,30,55,25,45,30,75,182.88,111.66666666666667,40,45,40
60372,3,Vince Powell,111.1,"6' 3"" ",20,20,20,45,35,30,35,60,55,50,190.5,111.33333333333331,20,20,20
61669,8,Jose Guerra,111.0,"6' 2"" ",20,20,20,35,35,50,35,65,70,65,187.96,111.0,20,20,20
61740,2,Juan Guerrero,109.2,"6' 4"" ",55,55,45,40,30,40,20,35,50,40,193.04,109.66666666666667,55,55,45
52798,3,Willie Orozco,108.2,"6' 1"" ",20,20,20,40,55,40,50,20,50,25,185.42,108.66666666666667,20,20,20
61464,5,Jim Sobol,107.2,"6' 2"" ",20,20,20,45,45,75,35,30,70,75,187.96,107.66666666666667,20,20,20
64984,6,Rene Navas,107.0,"6' 2"" ",20,20,20,60,55,60,65,45,45,55,187.96,107.0,20,20,20
67187,2,Joe Hutson,106.2,"6' 5"" ",50,55,50,45,40,40,20,30,35,45,195.57999999999998,106.66666666666667,50,55,50
61091,3,Eric Butts,106.1,"6' 2"" ",20,20,20,55,55,30,65,50,50,20,187.96,106.33333333333331,20,20,20
61991,3,Danny Montano,106.0,"6' 3"" ",20,20,20,45,45,40,55,40,35,35,190.5,106.0,20,20,20
65641,4,Ozzie Rodriguez,100.1,"6' 2"" ",20,20,20,25,20,40,20,45,55,60,187.96,100.33333333333331,20,20,20
60621,1,Jake Mandeville,98.2,"6' 4"" ",20,20,20,45,45,70,35,40,50,70,193.04,98.66666666666667,20,20,20
56672,7,Jonathan Barr,93.0,"6' 2"" ",20,20,20,45,40,35,40,65,55,55,187.96,93.0,20,20,20
55342,3,Leo Mejia,92.1,"5' 10""",20,20,20,25,35,50,20,35,55,60,177.8,92.33333333333331,20,20,20
61468,3,Raul Ruiz,91.1,"6' 4"" ",20,20,20,45,40,40,25,30,25,35,193.04,91.33333333333331,20,20,20
62699,5,Joham Barreira,89.1,"6' 4"" ",20,20,20,60,50,55,45,75,55,55,193.04,89.33333333333331,20,20,20
62239,3,Jim Navarro,85.0,"6' 3"" ",20,20,20,30,35,40,25,25,35,35,190.5,85.0,20,20,20
62394,3,Danny Rincon,84.0,"6' 2"" ",20,20,20,55,45,45,45,50,40,35,187.96,84.0,20,20,20
62024,2,Ken Alward,83.1,"6' 2"" ",65,65,50,40,40,45,30,30,60,40,187.96,83.33333333333331,65,65,50
65651,2,Jeff Abramov,83.0,"6' 1"" ",70,70,55,40,30,40,20,25,35,40,185.42,83.0,70,70,55
60657,3,Alex Madrid,82.1,"6' 4"" ",20,20,20,35,30,35,30,50,50,45,193.04,82.33333333333331,20,20,20
47881,6,Jose Pacheco,82.1,"6' 6"" ",20,20,20,20,20,40,20,35,40,55,198.12,82.33333333333331,20,20,20
57978,3,Gabe Taylor,80.2,"6' 4"" ",20,20,20,35,40,35,25,25,25,35,193.04,80.66666666666667,20,20,20
63764,4,Sal Panarra,79.1,"6' 1"" ",20,20,20,60,50,45,45,55,50,40,185.42,79.33333333333331,20,20,20
58903,3,William Elmore,79.0,"6' 2"" ",20,20,20,25,25,40,20,35,45,50,187.96,79.0,20,20,20
61353,1,Eddie Young,79.0,"6' 4"" ",20,20,20,45,35,35,30,40,25,25,193.04,79.0,20,20,20
65628,3,Robby Merrill,76.2,"6' 2"" ",25,25,25,45,50,60,40,25,55,65,187.96,76.66666666666667,25,25,25
62036,2,Kevin Brockett,76.0,"6' 4"" ",65,65,55,35,40,40,20,40,45,35,193.04,76.0,65,65,55
59347,8,Walt Kensinger,75.2,"6' 2"" ",20,25,20,50,55,55,60,70,60,70,187.96,75.66666666666667,20,25,20
51536,1,Erik Wilson,72.1,"6' 4"" ",20,20,20,20,25,35,20,50,50,60,193.04,72.33333333333331,20,20,20
60344,4,Jonathan Bowen,70.0,"6' 2"" ",20,20,20,60,55,55,50,35,40,50,187.96,70.0,20,20,20
67030,3,Pat Robinson,69.0,"6' 2"" ",20,20,20,35,45,25,20,25,30,20,187.96,69.0,20,20,20
64141,7,Chris Stokes,68.0,"6' 4"" ",20,25,25,35,35,45,20,55,75,60,193.04,68.0,20,25,25
1427,4,Kazufumi Kawakami,67.0,"6' 5"" ",20,20,20,60,50,60,65,50,45,50,195.57999999999998,67.0,20,20,20
60404,7,Chris Ryan,64.1,"6' 4"" ",20,20,20,35,30,55,25,70,50,65,193.04,64.33333333333331,20,20,20
62360,7,Mike Fincham,63.2,"6' 2"" ",20,20,20,25,25,30,20,50,55,45,187.96,63.66666666666668,20,20,20
62403,3,Eric Wolfe,61.1,"6' 6"" ",20,20,20,50,35,50,20,65,45,65,198.12,61.333333333333336,20,20,20
60201,3,Isaiah Tyner,59.1,"6' 5"" ",20,20,20,35,30,55,20,50,45,60,195.57999999999998,59.333333333333336,20,20,20
62269,3,Brandon Burse,58.0,"6' 2"" ",20,20,20,45,25,30,35,45,25,30,187.96,58.0,20,20,20
61132,7,J.J. Byers,57.0,"6' 4"" ",20,20,20,25,25,75,20,50,50,80,193.04,57.0,20,20,20
57987,3,Josh Davis,57.0,"6' 1"" ",20,20,20,65,50,60,55,45,40,55,185.42,57.0,20,20,20
69769,5,Jeff Neville,57.0,"6' 1"" ",25,20,20,45,55,65,40,45,45,55,185.42,57.0,25,20,20
60199,3,Kevin Renaud,56.1,"6' 0"" ",20,20,20,45,35,40,40,60,75,55,182.88,56.333333333333336,20,20,20
66439,9,Danny Herrera,56.0,"6' 2"" ",20,20,20,35,30,45,20,50,50,60,187.96,56.0,20,20,20
64826,7,Angelito Sanchez,55.1,"6' 2"" ",20,20,20,55,45,40,50,60,65,60,187.96,55.333333333333336,20,20,20
60703,4,Juan Aguayo,53.0,"6' 2"" ",20,20,20,60,55,55,55,30,40,55,187.96,53.0,20,20,20
60069,3,Danny Rivera,51.0,"6' 5"" ",20,20,20,55,50,60,50,55,45,60,195.57999999999998,51.0,20,20,20
61504,6,Steve Murach,51.0,"6' 5"" ",20,20,20,55,45,55,50,50,45,65,195.57999999999998,51.0,20,20,20
62572,7,Christian Hayes,50.0,"6' 8"" ",20,20,20,60,50,50,20,70,60,60,203.2,50.0,20,20,20
63327,8,Jonathan Stewart,50.0,"6' 3"" ",20,20,20,45,35,40,35,75,55,65,190.5,50.0,20,20,20
64464,4,Austin J. Bednarik,49.0,"6' 2"" ",20,20,25,60,55,65,60,50,45,50,187.96,49.0,20,20,25
64181,3,Len Winters,49.0,"6' 0"" ",25,25,25,35,45,40,45,30,40,40,182.88,49.0,25,25,25
52164,3,Kab-shik Kim,48.1,"6' 2"" ",20,20,20,20,25,35,20,35,45,45,187.96,48.333333333333336,20,20,20
55852,1,Rob Licausi,47.2,"6' 2"" ",20,20,20,30,40,40,25,35,25,40,187.96,47.66666666666668,20,20,20
61527,8,Rhett Weathers,45.0,"6' 2"" ",20,20,20,30,30,45,25,55,45,55,187.96,45.0,20,20,20
57006,2,Ken Geer,44.0,"6' 0"" ",70,70,45,30,30,30,20,20,30,35,182.88,44.0,70,70,45
62352,3,Chris Bowman,43.1,"6' 3"" ",20,20,20,60,55,40,50,60,55,40,190.5,43.333333333333336,20,20,20
64533,2,Jeff Green,43.1,"6' 0"" ",65,65,60,30,45,55,30,25,25,50,182.88,43.333333333333336,65,65,60
58805,7,Tim Day,43.0,"6' 2"" ",20,20,20,35,25,40,25,60,55,50,187.96,43.0,20,20,20
67915,4,Oscar Zambrano,42.1,"6' 1"" ",20,20,20,65,50,60,50,45,40,60,185.42,42.333333333333336,20,20,20
55802,7,Gene Esterberg,41.0,"6' 1"" ",20,20,20,25,25,30,25,40,45,45,185.42,41.0,20,20,20
61737,7,Jordan Valdez,40.1,"6' 2"" ",20,20,20,55,50,45,50,70,55,60,187.96,40.333333333333336,20,20,20
55381,3,Kokoro Sato,39.0,"6' 1"" ",20,20,20,45,65,60,20,45,50,70,185.42,39.0,20,20,20
62491,7,Bobby Wade,37.2,"6' 2"" ",20,20,20,55,40,35,20,65,50,55,187.96,37.66666666666668,20,20,20
55749,4,Justin Thompson,36.0,"6' 5"" ",20,20,20,45,40,45,45,75,75,70,195.57999999999998,36.0,20,20,20
60388,5,Steve King,35.0,"6' 2"" ",20,25,20,65,55,55,60,50,45,55,187.96,35.0,20,25,20
60676,5,Melvin Arcega,34.0,"6' 4"" ",20,20,20,60,60,50,70,50,50,40,193.04,34.0,20,20,20
64212,3,Mike Byers,33.0,"6' 0"" ",20,20,20,50,50,40,60,40,35,25,182.88,33.0,20,20,20
68417,3,Danny Moreta,32.0,"6' 1"" ",20,20,20,50,55,60,45,30,55,50,185.42,32.0,20,20,20
63180,7,Ben Keller,29.0,"6' 0"" ",20,20,20,45,35,25,35,55,55,45,182.88,29.0,20,20,20
61497,2,Josh Scanlon,29.0,"6' 4"" ",70,70,55,30,35,45,25,35,40,50,193.04,29.0,70,70,55
69879,7,Jamie Hughes,25.2,"6' 0"" ",30,25,25,40,35,40,30,65,55,55,182.88,25.666666666666664,30,25,25
59380,1,Sam Stamm,25.0,"6' 4"" ",20,20,20,30,25,50,20,60,40,55,193.04,25.0,20,20,20
63215,4,Rodolfo Fernandez,23.2,"6' 0"" ",20,20,20,55,50,45,55,55,50,40,182.88,23.666666666666664,20,20,20
68557,4,Chris Mays,23.0,"6' 4"" ",20,20,20,55,60,45,70,40,70,35,193.04,23.0,20,20,20
59188,3,Mike CRUZ,22.0,"6' 7"" ",20,20,20,40,40,35,25,30,30,30,200.66,22.0,20,20,20
67153,3,Danny Wells,21.1,"6' 2"" ",20,20,20,55,55,60,35,40,50,50,187.96,21.33333333333334,20,20,20
65907,8,J.D. Whiteside,21.0,"6' 4"" ",20,20,20,50,40,35,20,55,50,50,193.04,21.0,20,20,20
46294,3,Tony Gudino,19.0,"6' 2"" ",20,20,20,45,30,35,25,25,25,25,187.96,19.0,20,20,20
56972,7,Alex Sanchez,18.0,"6' 1"" ",20,20,20,45,35,45,25,55,55,65,185.42,18.0,20,20,20
70191,6,Steve Evans,15.0,"6' 1"" ",20,20,20,55,35,60,50,30,30,50,185.42,15.0,20,20,20
58141,2,Kevin Murphy,11.0,"6' 3"" ",60,55,40,30,35,35,25,25,25,35,190.5,11.0,60,55,40
68565,3,Danny Cech,9.0,"6' 4"" ",20,25,20,65,60,65,75,35,55,65,193.04,9.0,20,25,20
68590,7,Kevin Nelson,9.0,"6' 4"" ",25,20,20,35,35,30,25,40,50,50,193.04,9.0,25,20,20
53937,3,Jose Albarran,6.1,"6' 3"" ",20,20,20,30,25,30,20,40,50,50,190.5,6.333333333333332,20,20,20
63109,3,Devon Spurlock,6.0,"6' 6"" ",20,20,20,25,30,25,25,40,50,20,198.12,6.0,20,20,20
60809,4,Sergio Payan,3.1,"6' 6"" ",20,20,20,65,55,55,50,45,55,65,198.12,3.3333333333333335,20,20,20
55027,2,Pete Atherton,3.0,"6' 1"" ",45,45,40,30,35,35,25,20,25,25,185.42,3.0,45,45,40
66474,4,Jose Malla,3.0,"6' 2"" ",20,20,20,60,55,45,50,50,45,30,187.96,3.0,20,20,20
57265,9,Alex Flores,2.0,"6' 4"" ",20,20,20,25,25,40,20,35,50,45,193.04,2.0,20,20,20
56971,6,Joey Flagg,1.0,"6' 4"" ",20,20,20,70,70,60,60,40,45,60,193.04,1.0,20,20,20
59336,7,Tim Griffin,1.0,"6' 2"" ",20,20,20,20,25,35,20,40,50,60,187.96,1.0,20,20,20
