ID,Name,ORG,G,GS,PA,AB,H,1B,2B,3B,HR,RBI,R,BB,IBB,HP,SH,SF,CI,SO,GIDP,PI/PA,SB,CS,UBR
71203,Eric Caldwell,Chicago White Sox,157,151.0,740,559,142,77,41,6,18,68,158,169,5,7,0,5,0,166,12,5.38,156,18,0.2
60443,Josh Kane,Colorado Rockies,154,153.0,720,613,248,152,60,15,21,103,150,93,6,10,1,3,0,86,6,3.68,71,12,3.6
63373,Judah Liggins,Portland Loggers,160,160.0,716,628,176,109,36,0,31,127,93,70,0,11,0,7,0,148,17,4.14,1,0,0.6
55885,Branden Buchhop,Chicago White Sox,156,156.0,714,607,168,91,22,4,51,159,117,87,9,11,0,9,0,192,7,4.15,23,3,-1.2
62269,Brandon Burse,Toronto Blue Jays,160,160.0,713,629,157,99,30,2,26,77,83,58,1,20,0,6,0,126,26,3.62,0,1,-6.0
54243,Dave Montano,Philadelphia Phillies,159,159.0,711,604,159,95,26,0,38,125,105,85,9,18,0,4,0,161,15,4.65,2,0,-3.7
60786,Manny Castaneda,Los Angeles Angels,155,154.0,708,592,150,69,32,0,49,122,106,102,6,13,0,1,0,219,19,4.88,2,2,-2.8
55360,Tatashi Horita,St. Louis Cardinals,158,156.0,705,617,193,133,38,7,15,71,112,74,1,11,1,2,0,117,8,3.79,66,12,3.0
65202,Adrian Mendez,Kansas City Royals,161,159.0,702,633,174,101,36,2,35,97,84,51,4,15,0,3,0,141,15,3.43,1,0,-4.0
61652,Matt Williams,Atlanta Braves,156,153.0,702,603,170,116,25,1,28,90,105,82,1,14,0,3,0,101,23,5.03,0,1,-4.6
57663,Gabe Medina,Houston Astros,161,160.0,699,598,161,97,24,2,38,117,98,93,2,2,0,5,1,200,10,4.67,3,1,-3.1
57978,Gabe Taylor,Atlanta Braves,161,159.0,694,624,167,100,33,0,34,101,97,60,3,4,0,6,0,204,14,3.89,0,0,-1.6
63066,Jimmy Winter,Baltimore Orioles,155,147.0,691,554,147,98,39,7,3,58,100,123,4,12,0,2,0,112,9,4.89,7,6,1.6
63428,Josh Walters,Washington Nationals,146,143.0,688,600,189,120,54,10,5,52,117,86,0,1,0,1,0,124,9,4.44,42,5,2.0
62049,Andy Boyer,Philadelphia Phillies,151,143.0,679,633,172,102,37,12,21,78,119,38,2,2,0,6,0,126,6,3.42,38,9,1.7
58167,Dave Bolter,Atlanta Braves,149,145.0,676,572,134,78,39,2,15,54,93,96,0,5,0,2,1,163,6,4.75,6,3,2.8
46957,Chris Scott,Boston Red Sox,157,156.0,676,591,163,88,33,7,35,101,103,75,4,4,0,6,0,130,11,4.34,0,0,2.0
61736,Alex Velez,Atlanta Braves,150,145.0,673,572,188,117,30,4,37,105,105,91,6,2,0,8,0,92,19,4.6,0,1,-1.6
61572,Josh Copeland,Texas Rangers,152,139.0,669,514,126,65,30,2,29,62,122,146,1,6,0,3,0,177,6,5.51,5,8,-1.3
60380,Vin Korte,Seattle Mariners,160,147.0,669,564,169,97,32,0,40,105,90,95,3,6,0,4,0,130,14,4.38,3,3,-3.3
62660,Federico Mendoza,Baltimore Orioles,156,152.0,668,587,147,86,20,2,39,96,95,61,11,18,0,2,0,191,10,3.72,25,4,-0.5
64133,Chris Swiderski,Portland Loggers,149,145.0,668,611,177,124,35,7,11,71,83,46,0,6,1,4,0,93,10,3.58,17,9,2.3
59285,Chris Davison,New York Yankees,158,148.0,666,585,154,76,43,3,32,90,99,74,3,4,0,3,0,137,13,4.17,13,7,1.5
61602,Chris Bontempo,Milwaukee Brewers,157,154.0,665,617,163,106,42,5,10,58,90,41,2,4,0,3,0,109,17,3.45,16,1,2.5
62319,Steve Pogue,Kansas City Royals,154,147.0,664,607,195,106,51,5,33,126,100,49,1,6,0,2,0,124,9,3.49,12,3,0.7
60484,Sam Steelsmith,Washington Nationals,151,148.0,663,602,180,115,43,2,20,122,84,48,4,5,0,8,0,146,8,3.61,15,3,1.4
60611,Josh Dickert,New York Yankees,158,153.0,661,577,140,73,36,2,29,100,73,72,1,5,0,7,0,160,12,4.0,7,6,-1.5
56199,Jesus Fernandez,Chicago Cubs,151,148.0,661,565,164,90,35,0,39,119,105,92,2,0,0,4,0,150,7,4.84,12,4,-0.8
56619,Mike Fleming,Nashville Stars,149,147.0,660,585,182,121,40,10,11,91,92,66,1,6,0,3,0,132,11,3.88,73,13,2.1
61470,Jose Nivelo,Boston Red Sox,154,145.0,659,546,122,77,10,2,33,63,104,104,4,2,0,5,2,144,8,4.78,52,7,2.4
61465,Jimmy Rogers,Houston Astros,148,148.0,659,595,169,101,35,6,27,92,112,47,0,12,1,4,0,201,9,3.76,46,11,1.5
68598,Jake Clark,Arizona Diamondbacks,152,149.0,658,569,160,94,36,5,25,85,102,64,2,20,0,5,0,139,12,3.71,9,3,-2.3
59181,Billy LaBelle,Chicago White Sox,146,140.0,657,584,169,90,37,1,41,131,92,51,4,13,0,9,0,155,13,3.92,9,4,1.4
61731,Jordan Moreno,Toronto Blue Jays,150,147.0,657,621,177,111,42,4,20,62,99,32,0,3,0,1,0,99,18,3.19,13,3,-2.8
59195,David Nanez,Nashville Stars,157,157.0,656,552,156,100,24,1,31,103,78,92,6,4,0,8,0,148,19,4.25,0,0,-2.4
59309,Xavier Espinoza,New York Yankees,155,142.0,654,576,151,99,25,7,20,61,84,63,2,6,1,8,0,119,6,4.27,37,5,0.4
65564,Danny Haynes,Cincinnati Reds,152,147.0,654,605,137,90,32,8,7,47,83,36,0,6,4,3,0,116,8,3.4,55,6,4.6
56847,Mike Fragoso,San Francisco Giants,154,148.0,653,600,173,106,39,13,15,76,87,43,4,4,0,6,0,139,5,3.57,44,4,-5.2
56457,Luis Avila,Toronto Blue Jays,150,145.0,652,584,142,92,24,5,21,60,79,57,0,4,3,4,0,122,8,3.98,8,1,-0.7
61114,Wally Chastine,Atlanta Braves,152,149.0,652,570,164,81,39,0,44,139,103,62,5,13,0,7,0,140,19,4.25,0,0,-4.2
58047,Greg Kessler,Seattle Mariners,152,142.0,652,605,161,110,30,8,13,45,87,38,2,7,0,2,0,87,7,3.43,43,5,-0.6
62557,Mike Swain,Toronto Blue Jays,152,148.0,651,591,162,95,33,2,32,88,91,52,5,4,0,4,0,115,15,3.32,1,0,-2.6
55875,Adrian Marroquin,Portland Loggers,152,145.0,650,586,134,97,30,5,2,24,89,59,0,0,3,2,0,147,7,3.63,49,13,0.4
55733,Zach Dunn,Chicago Cubs,154,148.0,649,578,173,115,40,5,13,76,82,64,1,3,0,4,0,100,20,4.04,3,0,-2.4
60624,Chris Wiener,Kansas City Royals,147,145.0,647,599,159,104,34,3,18,70,71,36,2,4,4,4,0,94,18,3.24,6,2,-5.7
65254,Jorge Espinosa,Texas Rangers,147,143.0,646,558,146,96,21,2,27,86,89,77,1,6,0,5,0,134,24,4.4,1,0,1.6
60635,Hector Andrade,Chicago Cubs,152,147.0,645,548,126,67,34,5,20,72,80,83,2,12,0,2,0,153,16,4.46,8,6,0.4
60767,Xavier Arango,St. Louis Cardinals,147,146.0,645,574,180,126,37,1,16,97,95,61,1,5,0,5,0,101,16,3.65,1,2,-0.2
58162,Joaquin Jaramillo,Seattle Mariners,156,147.0,645,579,185,115,41,5,24,98,81,52,2,7,1,6,0,139,7,3.6,3,3,1.4
67059,Tommy Jones,San Diego Padres,149,144.0,645,575,157,92,32,8,25,92,94,55,6,11,0,4,0,127,8,3.54,20,7,2.0
57232,Willie Perez,Toronto Blue Jays,157,155.0,644,549,139,85,19,5,30,95,88,83,2,11,0,1,0,178,12,4.33,1,1,-2.7
62705,Luis Rios,Arizona Diamondbacks,153,149.0,644,590,156,92,25,5,34,100,91,30,3,18,0,6,0,161,8,3.45,9,5,-0.8
59121,Josh Hess,Philadelphia Phillies,151,145.0,643,590,166,88,42,8,28,87,104,37,2,8,0,7,1,115,5,3.54,27,4,1.2
59585,Bo-young Kim,Arizona Diamondbacks,143,141.0,642,571,153,87,26,7,33,87,93,59,2,9,0,3,0,165,7,3.84,35,9,-0.1
63024,Malikai Hill,Colorado Rockies,151,145.0,641,552,152,73,44,6,29,110,102,73,7,8,1,7,0,162,11,4.0,21,3,-2.1
57043,Yoshiaki Matsumura,Milwaukee Brewers,148,140.0,641,560,140,86,31,9,14,54,88,74,2,5,0,2,0,156,5,4.17,23,3,2.8
60360,Dan Stapleton,Los Angeles Angels,151,145.0,638,535,146,100,28,1,17,74,88,87,3,13,0,3,0,100,10,4.14,2,6,-0.8
61597,Lyle Jarville,Baltimore Orioles,148,145.0,637,593,149,87,32,4,26,99,81,34,0,2,1,7,0,145,15,3.32,5,3,3.3
59374,Phil Tennant,Baltimore Orioles,142,142.0,636,565,133,75,28,3,27,87,86,64,1,4,0,2,1,213,12,4.39,11,5,1.7
55067,Steve Gibson,Los Angeles Angels,156,156.0,635,561,142,88,33,2,19,74,75,67,4,3,0,4,0,128,10,3.81,1,2,-1.4
64064,Eric Kunde,New York Yankees,151,151.0,635,545,118,53,28,1,36,99,74,64,3,24,0,2,0,224,11,4.4,3,0,-4.0
59630,Bill Lopez,Washington Nationals,138,137.0,635,568,167,111,41,4,11,73,100,56,3,5,1,5,0,96,7,3.66,7,3,1.4
59368,Jordan Sierra,Atlanta Braves,154,145.0,634,560,155,87,35,0,33,101,88,62,1,6,0,6,0,185,7,3.82,0,0,-0.7
60099,Phil Sondergaard,Minnesota Twins,147,144.0,634,551,146,80,40,1,25,62,81,75,5,5,0,3,0,129,11,4.41,4,3,-0.2
55025,Danny Woldt,Portland Loggers,157,145.0,634,569,145,76,33,3,33,94,89,56,2,3,0,6,0,185,5,3.98,17,5,1.1
54669,Jimmy Albitz,Texas Rangers,145,134.0,632,560,160,100,31,7,22,87,93,57,2,13,0,2,0,127,7,3.78,60,6,0.6
62071,Dan Pace,Tampa Bay Rays,151,150.0,632,567,146,95,25,1,25,84,72,58,2,2,0,5,0,121,20,3.69,1,0,-3.6
63178,Ben Rudek,Cleveland Guardians,151,145.0,632,561,142,61,38,3,40,104,87,50,2,16,1,4,0,193,14,3.79,23,3,0.8
60063,Chris Seagrave,Portland Loggers,150,145.0,631,529,133,72,32,1,28,90,88,80,0,14,0,7,1,156,15,4.22,0,0,0.2
62179,Jim Buttleman,Chicago White Sox,151,139.0,630,559,156,92,37,6,21,96,86,51,1,9,2,8,1,109,14,3.38,20,2,3.0
54662,Angelo Polanco,Los Angeles Angels,141,134.0,630,570,131,78,29,2,22,59,79,52,1,6,0,2,0,199,14,4.33,5,2,-1.2
67057,Mike Veach,Minnesota Twins,146,142.0,630,557,139,90,31,6,12,56,80,59,0,8,3,3,0,113,9,3.58,21,2,4.5
63071,Mike Peterson,Tampa Bay Rays,143,142.0,629,562,143,74,28,1,40,87,90,59,4,5,0,3,0,157,8,3.87,43,13,-1.5
62147,Bobby Pierce,Houston Astros,150,146.0,626,584,167,118,35,3,11,82,80,29,0,5,1,7,0,116,6,3.31,24,3,1.2
62452,Tony Carlisle,Cleveland Guardians,145,141.0,625,568,137,85,22,0,30,79,72,46,1,9,0,1,1,200,11,4.09,0,2,-1.8
57890,Jared Morre,New York Mets,152,146.0,624,548,140,84,26,3,27,67,79,65,5,6,0,5,0,150,12,3.87,1,1,2.5
61302,Mike Goad,Arizona Diamondbacks,149,145.0,622,546,150,81,49,3,17,90,95,73,6,2,0,1,0,133,6,4.23,11,3,0.8
59203,Devon Norris,Houston Astros,142,140.0,622,574,173,131,28,0,14,57,81,39,0,7,0,2,0,132,11,3.35,7,6,-1.5
56799,Tony Ellington,New York Mets,155,140.0,618,557,167,109,37,2,19,70,74,45,2,14,0,2,0,131,21,3.54,2,1,-4.6
52524,Victor Estrada,Portland Loggers,149,142.0,618,548,124,75,21,1,27,77,65,59,0,9,0,2,0,216,14,4.19,1,1,-2.0
57979,Chris Johnston,Arizona Diamondbacks,144,137.0,617,516,142,84,43,3,12,70,78,88,6,11,0,2,0,118,14,4.08,5,3,-0.8
64138,Doug Sideris,Seattle Mariners,153,130.0,617,530,136,98,23,2,13,60,85,78,2,6,0,3,0,119,8,4.63,0,0,-4.4
55946,Mike Echols,San Francisco Giants,155,142.0,614,510,110,69,16,3,22,76,88,92,4,5,0,7,0,126,9,4.73,8,3,-0.2
60512,Jimmy Richter,Baltimore Orioles,147,145.0,613,560,145,94,26,2,23,75,84,35,0,6,4,8,0,161,13,3.53,10,4,-1.8
57628,Kevin Wagner,Los Angeles Dodgers,146,141.0,613,561,153,104,37,2,10,71,73,36,0,11,0,5,0,113,9,3.37,28,11,2.2
64190,Dave Speroni,Seattle Mariners,152,145.0,612,532,146,98,29,1,18,60,76,73,3,3,0,4,0,90,14,3.81,2,2,-4.2
56305,Dave Billman,San Francisco Giants,150,148.0,610,534,124,95,23,3,3,48,57,62,0,5,3,6,0,97,16,3.92,13,6,-1.8
59261,Ron Stonestreet,Los Angeles Angels,149,133.0,609,531,127,73,33,2,19,54,75,72,0,2,0,4,0,107,13,4.16,7,2,-2.3
57847,Jamie Alexander,Los Angeles Angels,145,142.0,608,531,133,89,34,1,9,58,68,59,0,12,0,6,0,109,16,4.2,17,1,-1.9
56874,Steve Boggs,Washington Nationals,149,147.0,608,547,158,105,36,4,13,83,71,43,1,5,1,12,0,78,12,3.33,14,3,0.2
57275,Brad Campos,Arizona Diamondbacks,141,131.0,606,522,128,76,31,7,14,50,90,59,0,11,9,5,0,147,4,4.1,48,9,-0.3
58003,Joe Ferguson,Arizona Diamondbacks,149,145.0,604,540,139,83,26,5,25,97,60,43,1,17,0,4,0,155,12,3.72,2,6,-1.4
60765,Danny Medina,Nashville Stars,148,147.0,604,532,125,98,18,4,5,53,66,64,0,3,0,5,0,132,6,4.09,2,0,-0.7
63276,Alex White,San Diego Padres,138,135.0,603,554,155,103,42,2,8,61,73,41,6,3,0,5,0,94,12,3.54,11,6,1.5
68448,Alfredo Encarnacion,Boston Red Sox,149,146.0,602,547,137,88,35,2,12,75,63,41,0,6,2,6,0,122,11,3.68,8,0,3.2
55832,Danny Ortega,Texas Rangers,146,136.0,601,534,134,78,21,5,30,89,78,62,5,5,0,0,0,176,9,3.87,1,1,0.7
55997,Willie Villatoro,Toronto Blue Jays,149,145.0,601,541,144,98,37,4,5,52,58,54,1,1,2,3,0,105,17,3.55,17,1,0.6
64114,Joe Leonard,San Diego Padres,137,135.0,600,532,131,84,30,1,16,56,70,58,0,4,1,5,0,111,16,3.64,4,4,-0.8
61295,Mike Baumhardt,San Diego Padres,144,142.0,598,518,122,65,28,1,28,78,57,67,4,9,0,3,1,160,7,4.06,0,0,-0.4
54795,Josh McBride,Nashville Stars,146,145.0,598,537,112,71,15,1,25,68,63,46,0,8,0,7,0,171,9,3.83,0,0,-1.1
60803,Jorge Becerra,Los Angeles Dodgers,150,137.0,597,526,108,61,26,3,18,61,70,62,3,7,2,0,0,185,10,4.23,29,4,1.5
56733,Dennis Huot,Minnesota Twins,143,140.0,597,540,138,92,34,1,11,53,59,47,0,6,0,4,0,76,28,3.48,1,1,-2.0
60734,Tony Miranda,Atlanta Braves,150,145.0,597,504,122,82,23,2,15,61,64,80,2,7,2,3,1,145,9,4.84,5,1,-0.9
65575,Gene Sheppard,Kansas City Royals,143,137.0,597,529,137,89,30,5,13,64,68,47,0,10,2,9,0,124,14,3.64,17,8,1.2
59611,Bobby Cabrera,Kansas City Royals,132,131.0,596,528,165,96,37,4,28,120,92,56,7,6,0,6,0,97,9,3.73,34,4,-0.6
60618,Kevin Felder,Seattle Mariners,150,137.0,593,548,136,71,32,0,33,84,79,37,0,5,0,3,0,145,15,3.53,3,0,-0.3
59887,Edwin Saucedo,Houston Astros,144,142.0,591,537,134,85,35,2,12,63,65,38,0,13,0,3,0,95,13,3.53,26,7,1.1
60333,Jimmy Lambert,Chicago White Sox,134,127.0,590,528,139,80,36,3,20,91,91,44,0,11,1,6,0,93,5,3.56,36,6,1.6
61293,Alan Mueller,Portland Loggers,148,147.0,582,532,128,80,30,1,17,63,64,31,0,11,3,5,0,108,10,3.46,12,2,-5.4
54590,Mike Pierce,Cleveland Guardians,148,143.0,581,533,121,75,24,1,21,72,60,42,1,3,1,2,0,138,13,3.65,3,0,0.0
53258,Ramon Benitez,New York Mets,141,136.0,580,507,138,72,36,3,27,71,82,61,3,9,0,3,0,132,8,4.06,1,2,1.6
62170,Steven Squarebriggs,New York Yankees,154,147.0,580,541,148,108,24,6,10,64,61,29,0,5,4,1,0,153,8,3.59,31,9,-0.4
63182,Josh Hughes,St. Louis Cardinals,144,141.0,579,521,132,98,23,0,11,54,64,49,0,6,2,1,0,164,18,3.93,1,0,-2.0
60603,Tony Pitman,Arizona Diamondbacks,144,141.0,578,526,140,94,29,3,14,73,74,39,0,9,0,4,0,111,10,3.48,5,2,1.9
46245,Alex Castro,Tampa Bay Rays,158,122.0,577,492,105,65,16,2,22,55,59,73,1,7,1,4,0,111,9,4.21,5,4,-4.1
63757,Jordan Gonzales,Chicago White Sox,149,146.0,577,546,145,99,27,6,13,75,72,17,0,4,3,7,0,121,9,3.2,11,6,1.2
59147,Trey Whittington,Philadelphia Phillies,147,145.0,577,535,143,100,32,6,5,41,58,30,1,5,4,3,0,87,10,3.24,28,7,-0.2
65579,Elijah Adair,Kansas City Royals,148,148.0,575,522,131,86,26,2,17,71,65,45,1,3,3,2,0,146,10,3.82,10,4,-1.8
58061,Mike Pasquale,Baltimore Orioles,137,135.0,575,500,128,78,36,1,13,71,69,62,0,6,3,4,0,112,7,4.18,11,6,0.0
58620,Nelson Armendariz,Los Angeles Dodgers,151,149.0,572,537,146,104,24,3,15,65,64,25,0,5,0,5,0,125,15,3.49,17,9,1.3
63162,Greg Hobbs,Boston Red Sox,145,130.0,571,495,95,64,13,1,17,55,56,66,0,8,0,2,0,189,8,4.57,0,0,-1.7
63093,T.J. Kleinman,Philadelphia Phillies,142,128.0,569,529,162,114,33,4,11,69,76,32,0,5,1,2,0,103,12,3.25,7,0,1.0
68499,Jaquan Price,Minnesota Twins,140,134.0,568,509,110,73,19,0,18,62,61,47,2,7,0,5,0,133,19,3.55,2,2,0.6
54606,Joe Long,Minnesota Twins,133,129.0,567,509,132,79,26,5,22,73,73,51,0,3,2,2,0,129,11,4.17,40,5,0.2
61904,Ivan Corpus,Colorado Rockies,130,128.0,566,493,142,98,24,1,19,90,79,66,2,0,0,6,1,86,12,4.03,14,7,-3.0
61719,Alex Lopez,San Diego Padres,138,137.0,561,513,128,79,25,0,24,75,68,32,0,11,2,3,0,128,15,3.57,12,3,-2.9
21039,Tomas Mendoza,Chicago Cubs,149,144.0,561,504,127,73,34,4,16,75,69,48,0,4,0,5,0,143,4,3.71,6,1,-0.8
54658,Jerry Frisch,Toronto Blue Jays,152,148.0,557,499,109,74,19,3,13,58,48,39,0,8,6,5,0,138,12,3.65,11,3,1.7
64134,Israel Gonzalez,Minnesota Twins,139,131.0,557,498,138,82,19,5,32,90,67,35,2,14,0,10,0,114,11,3.51,0,0,-0.7
57716,Josh Oldham,Chicago Cubs,138,127.0,557,507,128,83,29,1,15,59,65,47,4,2,1,0,0,118,10,3.67,5,4,-0.3
64926,Jose Tejeda,New York Mets,140,134.0,557,518,141,96,24,5,16,52,72,30,0,3,4,2,0,143,5,3.5,0,2,-5.4
54985,Jose Uriarte,Texas Rangers,148,138.0,556,497,118,73,29,1,15,60,55,51,0,5,0,3,0,150,8,3.84,9,6,-4.3
62223,Chris Ashley,Cincinnati Reds,156,130.0,551,467,136,69,30,0,37,100,75,80,4,3,0,1,0,124,10,4.28,1,1,-2.5
61649,Tony Fuentes,New York Mets,149,125.0,551,499,146,103,25,2,16,84,60,47,3,5,0,0,0,121,23,3.77,0,0,-5.6
63134,Bob Hummer,Washington Nationals,151,147.0,550,522,117,70,41,2,4,59,50,21,0,2,2,3,0,115,14,3.27,9,5,-3.3
64148,Ben Friedli,San Francisco Giants,134,128.0,548,495,138,82,33,4,19,72,65,51,2,0,1,1,0,121,7,3.76,13,11,-0.5
59348,Sam Cagley,San Francisco Giants,133,119.0,546,454,109,68,25,2,14,56,82,84,0,5,0,3,0,99,1,4.45,37,7,2.5
60473,Mike Hester,Colorado Rockies,123,121.0,546,470,119,61,30,0,28,84,78,68,9,5,0,3,0,139,7,3.92,8,1,1.2
67146,Dan Lemmon,Cincinnati Reds,152,145.0,542,505,124,88,28,1,7,53,46,24,0,4,2,5,2,115,5,3.35,18,4,-1.6
61744,Melvin Castellano,Philadelphia Phillies,148,146.0,539,484,113,92,15,2,4,47,49,43,0,5,3,4,0,74,14,3.65,8,3,0.2
61167,Dave Gamble,Toronto Blue Jays,148,147.0,539,494,117,70,28,5,14,60,47,28,0,7,9,1,0,113,6,3.35,8,7,2.4
58829,Alexis Flores,Milwaukee Brewers,137,133.0,535,485,122,80,27,2,13,65,55,40,1,9,0,1,0,139,11,3.69,2,0,1.0
25278,Yondriel Moore,Tampa Bay Rays,157,133.0,532,466,96,48,26,5,17,48,60,56,5,8,0,2,0,115,6,3.7,13,7,-0.4
51605,Joey Holland,Cleveland Guardians,144,140.0,531,440,101,66,19,2,14,45,57,81,0,8,0,2,0,120,10,5.07,16,6,0.2
59881,Rick Saenz,Milwaukee Brewers,128,122.0,530,477,142,97,16,0,29,85,67,40,2,11,0,2,0,102,16,3.47,0,0,-4.8
58707,Edgar Pozas,Cincinnati Reds,148,132.0,529,457,103,65,22,5,11,40,51,60,0,7,3,2,0,127,5,3.91,24,7,0.7
47547,Ivan Blanco,Cincinnati Reds,126,120.0,525,477,124,83,25,2,14,55,67,43,0,2,0,3,0,127,11,3.68,16,8,-2.5
60670,Frank Mendoza,Texas Rangers,120,120.0,522,473,127,72,29,1,25,77,65,40,0,6,0,3,0,129,17,3.6,0,0,-1.5
55688,Agustin Aviles,St. Louis Cardinals,138,129.0,521,474,87,64,12,2,9,48,54,41,0,2,0,4,0,153,6,4.25,32,0,-1.2
65670,Ben Flowers,New York Yankees,142,139.0,521,468,110,75,23,6,6,50,68,37,0,3,8,5,0,121,6,3.55,15,9,0.8
62056,Butch Edell,Nashville Stars,127,123.0,516,450,99,59,24,2,14,41,65,62,1,3,0,1,0,154,11,4.81,0,0,0.4
65491,Ben Pyka,Milwaukee Brewers,127,123.0,516,456,125,81,23,1,20,69,66,42,1,15,0,3,0,75,16,3.59,1,0,-5.7
45330,Kevin Howard,New York Mets,125,125.0,515,463,122,72,15,1,34,82,71,43,1,2,1,6,0,114,14,3.8,0,1,-1.2
50487,Gilberto Romero,Chicago White Sox,133,128.0,514,454,110,65,27,5,13,54,61,46,0,11,0,3,0,120,13,3.82,2,5,0.1
65586,Earnest Frontczak,Toronto Blue Jays,127,122.0,513,473,125,71,28,1,25,69,65,33,2,4,1,2,0,106,21,3.55,2,2,-0.6
67119,Kevin Coach,Los Angeles Dodgers,149,109.0,512,466,119,71,31,1,16,47,66,38,0,6,0,1,1,87,4,3.46,35,7,-2.4
61300,Jim Brown,Philadelphia Phillies,128,117.0,511,455,135,84,29,5,17,77,68,49,2,0,0,7,0,112,14,3.66,2,1,-0.8
64210,Eric Landers,San Francisco Giants,128,122.0,511,442,115,75,24,0,16,82,53,61,3,1,2,5,0,103,7,4.12,1,1,-2.0
56405,Beau Clark,St. Louis Cardinals,128,114.0,510,438,120,76,20,1,23,68,62,64,4,3,0,5,0,107,9,4.46,1,1,-2.2
55802,Gene Esterberg,Baltimore Orioles,116,116.0,510,454,125,77,23,0,25,77,61,54,2,0,0,2,0,106,15,4.2,1,0,-0.7
60757,Tony Manzo,Baltimore Orioles,119,115.0,504,449,123,62,25,2,34,98,65,47,2,4,0,4,0,148,13,3.84,0,2,0.8
58904,Steve Hosmer,San Francisco Giants,125,123.0,501,464,126,88,20,5,13,64,55,27,0,6,0,4,0,99,7,3.49,26,4,0.0
60090,Joe McGraw,Boston Red Sox,149,143.0,498,461,98,71,20,1,6,28,51,28,0,4,2,3,0,132,3,3.58,13,1,-1.1
61188,Jared Whitmoyer,Seattle Mariners,137,130.0,498,461,93,76,9,6,2,40,35,26,0,3,5,3,0,117,9,3.46,19,5,2.7
56445,Nick Williams,San Francisco Giants,147,123.0,494,452,116,90,21,3,2,50,49,31,1,1,3,7,0,74,6,3.41,12,4,1.8
56498,Jaisten Adkins,San Diego Padres,121,121.0,493,417,106,61,26,0,19,51,54,67,0,7,2,0,0,173,5,4.53,2,0,-0.3
61333,Luis Escobedo,Boston Red Sox,125,119.0,493,445,114,73,28,0,13,53,51,43,0,3,0,2,0,119,12,3.7,1,0,-2.4
60656,Gus Gonzales,St. Louis Cardinals,130,117.0,493,426,119,80,15,2,22,62,59,57,4,4,1,5,0,104,8,3.9,0,1,-3.0
60526,Tim Gutierrez,Cleveland Guardians,124,122.0,492,472,121,85,26,5,5,37,55,9,0,6,4,1,0,108,7,3.21,7,5,2.7
55690,Tony Epps,Chicago White Sox,122,110.0,490,406,90,64,15,1,10,42,65,78,2,2,1,3,0,116,10,5.02,24,7,-0.9
61703,Israel Ordaz,Texas Rangers,129,123.0,490,455,106,63,17,2,24,67,58,28,0,1,0,6,0,129,7,3.58,1,0,-1.2
44912,Emmanuel Ventura,Baltimore Orioles,123,122.0,490,428,103,73,24,0,6,46,52,52,0,7,1,2,0,111,11,4.04,2,2,1.2
64052,Bob Rankin,Texas Rangers,123,116.0,484,436,108,71,25,2,10,51,47,40,1,3,0,5,0,95,9,3.86,5,5,0.3
59425,Greguorio Cortinas,Washington Nationals,125,108.0,478,417,107,66,27,2,12,58,73,55,0,3,0,3,0,74,9,4.06,15,3,4.9
65526,Mike Connell,Boston Red Sox,153,99.0,475,441,113,69,28,2,14,55,47,23,1,3,0,8,0,115,10,3.49,10,6,2.1
55348,Mel Esquivel,Kansas City Royals,118,117.0,475,422,81,44,19,2,16,44,44,43,0,7,1,2,0,161,9,3.9,2,0,0.0
50115,Chad Hill,Cincinnati Reds,133,109.0,474,424,113,72,21,1,19,61,60,43,0,3,0,4,0,56,9,3.65,5,3,0.1
60378,Chris Heinrich,Los Angeles Angels,125,121.0,472,412,107,80,24,2,1,33,40,52,0,5,1,2,0,93,9,3.76,3,2,-1.5
45891,Mike Hobbick,Boston Red Sox,138,118.0,472,423,94,67,16,2,9,59,50,40,1,5,0,4,0,129,2,3.67,2,0,1.4
53937,Jose Albarran,-,123,103.0,471,388,81,63,14,0,4,38,44,72,2,9,0,2,0,92,8,4.65,0,0,-2.9
61680,Mario Valdez,Portland Loggers,125,123.0,470,441,107,72,25,0,10,35,55,23,0,3,0,3,0,92,7,3.38,1,0,0.9
58788,Jarred Parish,Nashville Stars,124,103.0,468,386,111,59,30,0,22,89,59,73,3,2,0,7,0,87,8,4.64,0,0,-1.8
59365,Tony Eisenbeisz,New York Yankees,126,121.0,466,434,93,54,14,4,21,52,59,22,0,4,3,3,0,116,4,3.6,31,5,0.2
58101,Leonard Blashill,Washington Nationals,124,124.0,465,419,112,82,14,1,15,53,62,39,0,4,0,3,0,113,8,3.7,0,1,-1.0
47353,Jeff Capps,Kansas City Royals,111,100.0,465,431,132,79,33,4,16,53,68,28,0,4,1,1,0,97,5,3.7,21,6,1.5
57011,Davis Herrera,Atlanta Braves,124,122.0,463,421,87,59,15,1,12,46,47,39,0,3,0,0,0,150,15,3.99,0,0,-1.6
55607,Mike Eastwood,Milwaukee Brewers,126,108.0,461,419,92,56,23,1,12,48,48,35,0,4,0,3,0,93,17,3.65,1,0,-1.3
60602,Steve Hall,Milwaukee Brewers,121,120.0,461,411,86,60,20,0,6,30,30,40,0,5,4,1,0,93,8,3.72,9,3,-2.8
54999,Andy Cleveland,St. Louis Cardinals,107,99.0,460,425,118,75,34,4,5,33,72,27,0,7,1,0,0,111,2,3.66,40,2,1.3
69839,Tim Center,Cincinnati Reds,141,93.0,459,418,110,73,29,1,7,41,60,36,1,2,0,3,0,58,3,3.47,13,4,1.1
49735,Octávio Baeta,Houston Astros,113,112.0,458,406,92,57,17,0,18,55,52,39,2,8,3,2,0,93,7,3.96,15,4,-1.5
64212,Mike Byers,Los Angeles Dodgers,121,104.0,458,403,104,79,16,0,9,48,59,36,0,16,0,3,0,99,8,4.21,3,4,-0.2
64238,Chad Engle,Minnesota Twins,115,107.0,457,413,97,68,14,1,14,51,48,33,1,4,4,3,0,86,12,3.59,1,0,-1.0
64090,Mike Ragsdale,New York Yankees,114,112.0,456,410,119,80,23,4,12,53,49,40,2,3,0,3,0,92,5,3.68,4,6,-0.4
57923,Tony Guerrero,Los Angeles Angels,126,124.0,453,419,90,62,17,3,8,47,36,27,0,6,0,1,0,115,20,3.43,0,0,-1.2
57779,Julio Gutierrez,Cincinnati Reds,126,106.0,451,399,88,54,21,2,11,58,52,42,0,0,2,8,0,112,5,3.71,26,0,1.4
56900,Eric Maxwell,San Diego Padres,118,105.0,451,421,91,45,18,1,27,66,55,26,1,1,0,3,0,161,6,3.72,16,3,-1.4
62038,Chris Ortiz,Portland Loggers,136,100.0,449,409,98,59,17,1,21,68,56,34,0,1,2,3,0,118,11,3.81,0,2,-1.0
56489,Tony Sierra,Los Angeles Dodgers,120,95.0,448,395,104,61,22,0,21,82,59,39,4,8,0,6,0,125,11,3.93,1,0,0.7
57659,Andy Beran,St. Louis Cardinals,105,99.0,447,397,107,70,20,3,14,75,51,39,0,8,0,3,0,88,8,3.71,5,2,-0.8
61480,Johnny Corona,San Diego Padres,109,102.0,439,387,81,56,15,2,8,33,51,44,0,2,6,0,0,116,7,4.17,22,4,0.3
60105,Beau Davis,Colorado Rockies,94,93.0,438,390,107,57,26,6,18,65,73,41,1,4,1,2,0,71,10,3.55,10,4,0.0
59254,Eric McCullough,New York Mets,107,100.0,437,393,111,64,21,0,26,69,65,39,0,4,0,1,0,111,13,3.9,1,0,2.7
64202,David Montoya,Tampa Bay Rays,122,105.0,434,398,92,58,13,3,18,40,43,31,0,2,1,2,0,106,2,3.71,7,3,1.1
68471,Hector Gonzales,New York Mets,114,113.0,433,398,89,65,15,0,9,40,41,28,0,1,0,6,0,99,19,3.6,0,1,2.1
55846,Jim Baker,Chicago Cubs,123,92.0,432,406,111,64,28,4,15,62,61,23,2,2,0,1,0,87,12,3.33,1,1,0.2
64121,Jim Towler,Tampa Bay Rays,102,101.0,432,387,75,54,16,1,4,23,47,39,0,4,0,2,0,99,14,4.18,34,5,0.3
50853,Tony Moreno,Colorado Rockies,120,102.0,431,378,114,69,31,4,10,58,44,47,0,1,0,5,0,76,12,4.42,5,5,-1.6
67077,Manny Bates,Chicago Cubs,100,93.0,426,387,102,69,18,3,12,38,63,34,1,5,0,0,0,101,3,3.63,11,2,1.6
48633,Rick Torrez,Minnesota Twins,113,112.0,425,394,91,49,26,0,16,43,48,25,0,5,0,1,0,125,13,3.56,1,0,-0.5
59275,Jeremy Thornton,Arizona Diamondbacks,111,109.0,423,381,90,57,15,4,14,54,47,32,0,1,5,4,0,115,11,3.64,0,0,-2.1
58097,Max Wrisley,Los Angeles Angels,104,100.0,423,401,97,68,17,1,11,43,39,18,0,0,0,4,0,58,10,3.09,0,2,-1.0
59712,Guibert Runggaldier,Washington Nationals,127,91.0,421,382,101,55,25,1,20,76,45,38,1,1,0,0,0,85,8,3.65,0,1,-0.3
47911,Jose Chinea,Cleveland Guardians,102,90.0,420,357,93,55,33,3,2,23,56,49,0,6,5,3,0,53,6,4.0,25,5,-1.5
51508,Bobby Pruneda,Los Angeles Dodgers,118,103.0,420,386,106,68,23,2,13,54,44,26,0,6,0,2,0,94,10,3.6,3,1,-0.7
54605,Josh Ennis,Kansas City Royals,111,104.0,416,372,74,50,19,0,5,30,40,41,0,1,1,1,0,111,10,4.24,0,0,-3.7
68425,Ivan Guzman,New York Yankees,113,110.0,415,366,75,49,13,0,13,43,47,39,0,2,3,5,0,107,7,3.73,2,0,-1.6
63021,Josh Umana,Texas Rangers,105,100.0,413,364,76,52,13,2,9,37,52,43,1,3,0,3,0,107,5,4.12,30,7,0.1
56110,Dong-su Kim,Los Angeles Dodgers,130,86.0,412,357,100,63,22,0,15,45,56,47,2,8,0,0,0,106,4,3.96,9,6,-0.9
47031,Vinny Lopez,Los Angeles Dodgers,113,105.0,412,346,91,53,23,2,13,50,57,60,0,2,0,4,0,95,9,4.45,4,3,-1.4
57622,Jeff English,Atlanta Braves,104,103.0,410,375,97,68,22,1,6,32,44,28,0,6,0,1,0,85,6,3.57,7,1,-1.1
61454,Jonathan Strong,Nashville Stars,112,92.0,410,380,90,58,21,4,7,33,52,28,0,2,0,0,0,126,4,3.8,21,3,-0.1
64113,Chad Able,Seattle Mariners,111,109.0,409,380,70,49,13,0,8,40,32,24,0,3,0,2,0,129,12,3.75,3,2,0.6
64275,Nate Albrecht,Chicago Cubs,109,101.0,409,383,100,70,15,4,11,50,41,23,0,1,0,2,0,83,8,3.47,0,2,-2.5
63826,Jose Infante,Houston Astros,113,107.0,409,363,93,56,19,1,17,46,54,44,2,1,0,1,0,100,2,3.96,6,3,1.1
56923,Mike Cumbie,Cincinnati Reds,122,97.0,407,373,100,66,23,1,10,48,41,29,2,2,0,3,0,65,13,3.55,0,0,-1.6
49119,Jack Reichert,Nashville Stars,105,95.0,407,359,77,42,10,0,25,66,46,43,0,1,0,4,0,116,14,4.15,0,0,-1.9
60728,Hugo Vasquez,Tampa Bay Rays,136,100.0,407,374,90,58,16,5,11,38,36,20,0,10,0,3,0,101,8,3.53,12,2,1.0
61696,Danny Palencia,Chicago Cubs,102,96.0,402,355,76,51,16,0,9,32,49,39,0,5,0,3,0,106,8,3.72,11,3,0.4
60701,Antonino Sellecca,Minnesota Twins,104,99.0,402,363,89,57,18,2,12,53,39,32,0,3,3,1,0,79,8,3.76,0,1,-2.0
65993,Henry Dionne,Boston Red Sox,122,89.0,398,353,99,59,25,2,13,58,33,39,2,2,0,4,0,93,6,3.9,0,0,-2.2
54777,Billy Jones,Milwaukee Brewers,95,94.0,397,366,105,73,16,0,16,69,50,26,0,2,0,3,0,65,12,3.61,0,0,-3.5
60672,Pierluigi Mejia,Chicago White Sox,106,104.0,394,335,57,41,10,0,6,28,33,46,0,8,4,1,0,107,3,4.12,0,1,-2.3
62298,Oscar Concepcion,San Diego Padres,102,99.0,393,371,87,58,17,3,9,32,46,15,0,1,3,2,1,78,10,3.29,13,2,-0.6
51108,Oscar Alberganza,Chicago Cubs,100,96.0,390,351,71,36,24,0,11,37,46,34,0,2,0,3,0,98,17,3.98,1,0,0.7
62165,Alex Barragan,Philadelphia Phillies,100,100.0,390,364,95,66,22,1,6,58,36,16,0,1,2,7,0,113,6,3.5,2,0,-2.6
57940,Alfredo Ruiz,St. Louis Cardinals,102,86.0,390,332,92,61,13,0,18,72,48,42,2,7,1,8,0,79,16,3.73,1,2,0.8
65539,Mike Rizo,Washington Nationals,123,84.0,389,330,81,64,9,2,6,32,44,48,0,8,0,2,1,69,8,4.11,3,4,-2.9
62053,Ken Steele,Tampa Bay Rays,108,106.0,389,355,84,60,20,0,4,32,34,31,0,2,0,1,0,57,10,3.47,3,2,-0.8
61575,Joe LeBas,Nashville Stars,101,96.0,385,359,93,65,23,3,2,30,39,16,0,8,0,2,0,70,7,3.37,15,4,0.5
61437,Chris Skinner,Texas Rangers,97,92.0,383,339,84,45,10,3,26,68,61,37,0,6,0,1,0,98,7,4.16,8,3,0.1
63017,Victor Ortiz,Philadelphia Phillies,99,85.0,376,346,95,56,29,4,6,36,46,20,3,3,5,2,0,39,7,3.12,5,0,0.2
62997,Chris Murphy,Minnesota Twins,94,85.0,375,355,94,66,27,1,0,32,24,9,0,2,7,2,0,80,9,3.09,13,5,-1.0
59756,Angel Melendez,Portland Loggers,100,91.0,369,339,83,38,24,0,21,60,44,26,2,1,0,3,0,117,12,3.92,0,0,0.2
58681,Ken Panek,Milwaukee Brewers,95,89.0,367,344,90,63,19,0,8,35,36,19,0,3,1,0,0,71,8,3.47,0,0,-4.1
60361,Jaime Beck,Texas Rangers,95,79.0,364,342,102,64,27,1,10,53,34,8,1,7,0,7,0,78,9,3.12,3,3,-2.0
58114,Hector Melendez,Kansas City Royals,109,73.0,363,314,90,61,23,1,5,27,50,33,1,12,0,4,0,60,2,3.64,8,6,-1.4
58151,Chris Fowler,Philadelphia Phillies,116,78.0,361,320,74,43,14,2,15,46,36,37,2,3,0,1,0,78,10,3.9,0,1,-1.2
67346,Erik Coffman,-,107,106.0,356,332,64,50,11,2,1,28,35,19,0,0,4,1,0,101,4,3.66,9,5,-0.7
59239,Steve Gunn,Kansas City Royals,107,84.0,353,319,77,50,14,5,8,29,40,26,0,1,1,6,0,71,4,3.62,2,2,0.4
57263,Danny Maldonado,Boston Red Sox,105,95.0,351,329,51,40,7,0,4,16,19,21,0,0,0,1,0,116,12,3.83,0,0,-2.6
53604,Bob Haslup,-,108,82.0,350,305,63,40,9,1,13,40,32,43,1,1,0,1,0,61,13,4.05,9,4,-0.4
60247,Benny Metz,Chicago White Sox,111,74.0,348,317,102,62,19,3,18,58,53,23,1,2,0,6,0,64,4,3.54,3,2,0.1
55332,Takehisa Kawasaki,Colorado Rockies,85,84.0,345,306,77,56,16,3,2,38,42,28,0,1,2,8,0,80,3,3.71,21,2,-1.6
58885,Luis Leyva,San Diego Padres,87,87.0,345,317,71,45,17,1,8,26,37,24,0,3,1,0,0,96,5,3.86,12,2,-0.8
61972,Tim Dodd,Seattle Mariners,106,82.0,343,307,79,56,13,0,10,39,28,32,0,1,2,1,0,65,12,4.08,0,0,-1.2
67049,Mike Wicker,Chicago White Sox,91,74.0,342,303,100,68,22,0,10,57,50,33,2,1,2,3,0,61,5,3.77,6,4,2.1
63022,Tim Wojciechowski,Nashville Stars,91,91.0,335,312,82,60,12,1,9,43,39,21,0,1,0,1,0,65,11,3.5,0,0,-1.6
66662,Jorge Marin,Tampa Bay Rays,94,88.0,331,290,57,32,8,0,17,39,33,35,0,3,0,2,1,137,7,4.33,0,0,-1.2
59053,Jared Matthews,Kansas City Royals,90,88.0,330,299,55,37,9,1,8,22,36,21,0,5,3,2,0,117,6,3.79,0,0,1.4
63156,Eric Rutland,Chicago Cubs,93,78.0,330,307,98,66,21,0,11,57,45,19,4,3,0,1,0,64,12,3.44,0,0,-0.7
59278,Jeff Bartlow,San Diego Padres,90,72.0,329,317,81,47,14,3,17,56,41,9,4,1,0,2,0,74,4,3.28,13,3,0.1
55017,Rodolfo Nava,Seattle Mariners,111,69.0,329,264,59,37,12,0,10,35,32,53,2,9,0,3,0,90,3,4.67,0,0,0.6
58903,William Elmore,Cleveland Guardians,94,67.0,322,296,68,42,10,1,15,40,37,23,2,0,0,3,0,87,8,3.74,2,1,0.0
49423,Anthony Silva,New York Mets,89,85.0,322,284,71,46,16,1,8,28,30,37,2,0,0,1,0,73,13,4.95,2,0,-1.9
57597,Chris Groff,-,83,74.0,321,281,56,35,11,0,10,37,27,33,0,2,0,5,0,89,5,3.98,1,0,-0.8
61976,Steve Diehl,Los Angeles Dodgers,85,82.0,316,284,68,44,14,0,10,42,31,28,1,0,3,1,0,70,9,3.71,0,0,0.8
57595,Alex Diaz,Houston Astros,84,70.0,314,264,67,45,12,3,7,34,33,42,3,3,0,5,0,68,6,4.07,12,6,-1.0
59238,Andy Nixon,Boston Red Sox,116,67.0,308,286,60,45,10,3,2,21,25,21,0,0,0,1,0,77,7,3.66,8,8,0.1
59606,Raul Medina,Houston Astros,84,80.0,307,270,65,45,14,0,6,32,25,32,0,4,0,1,0,65,6,3.73,1,0,-2.2
60628,Chris Venhaus,Nashville Stars,80,69.0,304,274,69,55,6,0,8,32,28,27,2,1,0,2,0,71,10,3.64,0,0,0.5
47956,Dong-hwan Ahn,Los Angeles Dodgers,85,80.0,298,269,64,37,23,0,4,37,33,21,0,4,0,4,0,60,14,3.66,1,0,-1.2
61661,Leo Ramirez,Milwaukee Brewers,107,84.0,298,277,61,43,12,0,6,29,25,14,0,2,0,4,1,76,8,3.6,2,1,-0.7
53422,Danny Rivera,Los Angeles Dodgers,116,77.0,297,262,59,42,10,0,7,37,30,32,0,1,0,2,0,62,5,4.09,4,1,0.0
65953,Chris Minnis,Cincinnati Reds,106,65.0,296,270,77,47,19,3,8,37,33,22,1,3,0,1,0,54,8,3.6,9,0,0.3
65328,Mike Eskins,Cincinnati Reds,83,72.0,295,279,65,48,9,0,8,36,25,11,0,2,0,3,0,69,6,3.53,1,0,1.8
62070,Bob Applebaum,Los Angeles Dodgers,132,56.0,294,261,68,47,17,1,3,30,38,26,0,2,3,2,0,59,3,3.74,2,1,-0.3
58809,Dusty Flanagan,Colorado Rockies,89,60.0,294,246,63,43,12,1,7,33,34,43,2,4,0,1,0,68,5,4.34,0,2,-1.1
48683,Alex Navarro,Houston Astros,81,73.0,292,259,47,26,7,3,11,42,25,31,2,0,0,2,0,78,10,4.08,1,2,-0.8
56784,Nate Dukes,Los Angeles Dodgers,100,81.0,290,269,58,41,11,0,6,32,29,18,0,2,0,1,0,54,4,3.38,3,1,-1.6
61520,Sam Guinther,Baltimore Orioles,73,68.0,290,262,65,47,13,0,5,27,29,18,0,5,1,4,0,58,9,3.25,0,0,-2.8
56978,Julio Yarnel Harwell,Toronto Blue Jays,102,60.0,289,265,62,35,15,1,11,43,32,20,1,0,0,4,0,67,8,3.6,2,2,-1.5
62706,Ignacio del Bosque,San Diego Padres,81,79.0,288,256,64,50,4,0,10,30,30,21,0,3,4,4,0,76,1,3.79,0,1,-0.4
59213,Joel Barnes,Nashville Stars,91,58.0,282,254,53,43,6,1,3,22,31,23,0,0,0,5,0,61,1,3.8,19,6,2.6
65550,Devin Bratton,Texas Rangers,75,72.0,282,250,59,34,15,3,7,32,30,25,0,6,0,1,0,53,5,3.46,3,2,0.8
60349,Dusty Bailey,Houston Astros,65,64.0,281,256,73,56,7,3,7,24,40,18,0,5,0,2,0,84,8,3.68,16,2,2.2
53776,Bob Corn,Colorado Rockies,82,62.0,281,244,69,39,15,1,14,39,32,31,3,3,0,3,0,55,7,4.03,8,3,-1.2
64174,Dan Makuch,Los Angeles Angels,83,60.0,281,253,62,39,12,1,10,47,28,25,1,1,0,2,0,66,6,3.84,2,0,-0.3
64213,Jared Hazley,San Francisco Giants,86,65.0,276,251,66,48,12,1,5,30,35,16,0,6,3,0,0,73,2,3.82,1,3,-0.2
57673,Jose Mejia,Tampa Bay Rays,97,59.0,275,243,51,28,14,0,9,28,23,29,0,1,0,2,0,64,10,4.12,1,0,0.5
65914,Isaiah Reid,Cincinnati Reds,78,70.0,275,247,54,42,8,0,4,27,21,18,0,5,4,1,0,62,6,3.75,0,0,0.9
63759,Tony Jaimes,New York Mets,82,72.0,274,240,52,37,7,1,7,27,30,29,0,1,4,0,0,72,4,4.05,0,0,-1.7
53979,Rod Verga,San Diego Padres,72,71.0,273,250,54,35,5,0,14,34,33,23,0,0,0,0,0,74,2,3.72,0,1,-2.5
62241,Justin Barberini,Chicago Cubs,71,61.0,270,252,75,56,15,0,4,26,25,13,0,2,0,3,0,48,2,3.53,0,0,0.5
47288,Elias Ramos,San Francisco Giants,73,60.0,267,247,68,45,17,4,2,31,23,10,0,4,4,2,0,42,3,3.22,5,2,-1.7
55056,Danny McCracken,Colorado Rockies,77,67.0,266,216,49,35,7,1,6,31,36,39,3,3,7,1,0,48,4,4.77,10,0,-1.0
64106,Willie Abella,Washington Nationals,96,57.0,264,245,63,46,9,3,5,28,27,15,0,2,0,1,1,37,6,3.46,2,1,-1.7
52164,Kab-shik Kim,Minnesota Twins,73,63.0,262,244,52,31,13,0,8,23,26,16,0,2,0,0,0,65,7,3.65,0,1,0.7
63086,Namath Glenn,-,81,75.0,262,237,44,36,6,0,2,12,23,22,0,0,2,1,0,62,4,3.97,10,5,-0.1
52474,Ruben Artiga,San Diego Padres,75,63.0,258,229,56,38,13,1,4,28,23,23,0,3,0,3,0,37,4,3.79,2,0,-2.0
65240,Danny Arzola,Boston Red Sox,106,53.0,257,238,58,39,10,1,8,23,30,17,0,2,0,0,0,55,9,3.49,0,0,0.3
63836,Juan Posada,New York Mets,95,52.0,257,212,52,31,12,0,9,36,35,37,0,6,0,2,0,66,10,4.63,0,0,-2.0
55342,Leo Mejia,Colorado Rockies,76,53.0,251,236,63,34,17,6,6,47,36,12,0,1,0,2,0,38,2,3.3,7,2,0.2
64161,Kurt Donnelly,Seattle Mariners,65,63.0,250,220,65,45,19,0,1,21,27,22,0,5,2,1,0,41,4,3.92,0,0,1.1
52405,Frank Vivar,Houston Astros,91,43.0,250,228,66,37,18,1,10,41,29,18,2,1,0,3,0,45,5,3.52,9,2,2.0
51493,Kevin Baglioni,Cleveland Guardians,67,56.0,249,221,62,43,9,0,10,28,32,26,0,1,0,1,0,47,2,4.04,6,0,-0.5
61280,Kevin Britnell,San Francisco Giants,100,53.0,249,236,54,32,16,6,0,13,26,7,0,0,4,1,1,41,3,3.11,12,3,1.8
60179,Mike Looney,Milwaukee Brewers,62,59.0,249,227,58,48,5,1,4,21,28,20,0,2,0,0,0,49,4,3.83,0,1,0.2
63525,Sam Page,Philadelphia Phillies,60,57.0,248,233,79,60,9,0,10,53,32,14,0,0,0,1,0,61,6,3.65,1,1,0.0
19591,Chris Rankin,Boston Red Sox,72,67.0,248,220,53,38,11,0,4,26,23,24,0,2,0,2,0,53,4,3.62,1,1,-2.9
62237,Mike Harwood,Washington Nationals,74,56.0,243,225,62,40,12,4,6,39,36,12,0,3,0,3,0,43,3,3.43,11,2,-0.1
56852,Juan Barrera,Los Angeles Angels,67,57.0,241,220,54,42,6,2,4,26,25,19,0,0,0,2,0,51,3,3.42,8,0,0.6
62567,Pete Hester,Minnesota Twins,73,56.0,241,208,40,21,9,0,10,24,22,32,0,1,0,0,0,77,7,4.36,0,1,-0.7
62496,Rogelio Ribera,San Diego Padres,52,52.0,239,219,61,40,18,1,2,16,31,17,0,1,1,1,0,60,1,3.59,8,3,-0.4
61201,Dylan Todman,New York Mets,71,59.0,239,213,45,31,6,0,8,20,23,19,0,6,0,1,0,69,3,3.87,4,0,-0.5
62360,Mike Fincham,Cincinnati Reds,64,54.0,238,204,51,34,10,1,6,28,26,26,1,6,0,2,0,63,3,3.77,1,1,-0.5
58000,Sean Blanchard,Houston Astros,72,62.0,237,204,40,27,10,0,3,21,23,25,0,0,4,4,0,48,5,3.9,4,1,0.0
61397,Kevin Naclerio,Washington Nationals,68,48.0,236,219,60,33,19,0,8,35,30,15,0,2,0,0,0,57,7,3.71,0,1,-0.3
58947,Mike Coffin,Atlanta Braves,143,47.0,233,207,51,32,9,0,10,30,23,25,0,1,0,0,0,71,1,4.29,0,0,-1.0
62888,Jerry Fusia,Washington Nationals,59,57.0,231,205,39,23,9,3,4,18,34,21,1,4,0,1,0,61,5,3.71,5,2,1.2
62239,Jim Navarro,Arizona Diamondbacks,74,52.0,229,208,63,41,4,1,17,44,36,17,1,1,1,2,0,62,7,3.72,1,0,-1.4
45061,Termarr Johnson,Cleveland Guardians,58,54.0,225,188,37,32,1,1,3,16,20,30,0,4,1,2,0,67,0,4.79,10,3,-0.5
64079,Steve Morgan,Seattle Mariners,65,55.0,224,205,36,23,5,0,8,30,23,17,0,0,1,1,0,75,4,3.85,1,0,0.5
54698,Jake Armbruster,Colorado Rockies,100,48.0,223,202,51,26,17,1,7,31,34,19,1,0,0,2,0,40,2,3.83,1,0,0.5
61576,Naldo Velez,New York Yankees,74,51.0,223,202,68,50,14,1,3,28,31,18,0,3,0,0,0,25,3,3.18,14,4,-1.7
54636,Tim Newcomb,Minnesota Twins,63,61.0,222,193,35,24,8,0,3,13,17,24,0,4,0,1,0,64,6,4.41,0,0,0.5
58004,Eric Rios,San Francisco Giants,95,49.0,221,203,39,27,6,0,6,21,22,13,0,1,2,2,0,52,3,3.38,3,1,0.6
62376,Steve Staszak,Seattle Mariners,88,49.0,220,203,38,26,2,2,8,24,18,15,0,2,0,0,0,74,8,3.75,0,1,0.6
65655,Sam Flynn,Seattle Mariners,93,48.0,219,198,35,23,8,1,3,13,18,16,0,1,2,2,0,56,4,3.64,1,0,-0.5
47557,Brad Carroll,Chicago Cubs,63,57.0,217,201,39,32,2,0,5,22,19,14,0,2,0,0,0,56,5,3.68,1,0,-1.3
47881,Jose Pacheco,Cleveland Guardians,64,51.0,217,191,43,28,9,0,6,23,21,15,0,7,0,3,1,50,6,3.77,0,0,-0.3
58942,Ron Lyle,Milwaukee Brewers,80,43.0,216,192,57,37,17,1,2,22,25,21,0,2,0,1,0,41,2,3.51,9,1,1.8
63103,Cameron Bridgeman,Tampa Bay Rays,87,55.0,215,190,35,19,6,2,8,25,21,23,0,1,0,1,0,69,4,4.16,0,2,0.5
59331,Danny Viera,Cleveland Guardians,55,54.0,215,194,47,35,10,1,1,21,18,20,0,0,1,0,0,50,3,3.53,10,3,-1.7
64065,Doug Heckman,St. Louis Cardinals,49,48.0,214,182,60,37,12,1,10,41,27,27,1,2,0,3,0,25,8,3.74,0,0,-1.3
60444,Josh Morgan,Los Angeles Angels,76,46.0,214,196,55,33,17,0,5,25,26,12,1,5,0,1,0,72,6,3.75,0,1,-2.0
61481,Bobby Gaskin,Atlanta Braves,54,48.0,212,194,38,26,6,4,2,21,24,16,0,0,0,2,0,48,4,4.16,12,2,1.4
60773,Luis Ayala,Chicago White Sox,62,49.0,209,194,42,29,3,1,9,29,28,11,0,1,0,3,0,62,1,3.93,0,0,0.2
58856,Jim Donohue,Arizona Diamondbacks,93,49.0,209,188,54,31,15,2,6,35,31,19,0,0,0,2,0,29,9,3.58,5,1,-0.8
62721,Jordan Granada,Nashville Stars,55,42.0,207,193,42,29,11,1,1,9,26,14,0,0,0,0,0,34,0,3.54,2,2,-0.9
62620,Eric Barrett,Baltimore Orioles,60,55.0,206,190,46,29,12,1,4,18,21,8,0,1,5,2,0,40,5,3.29,5,1,0.3
55906,Jonah Clause,New York Mets,65,49.0,206,186,41,25,12,0,4,18,18,16,0,3,0,1,0,65,6,3.83,0,0,-0.7
59680,Jon Diaz,Arizona Diamondbacks,58,53.0,205,187,47,37,4,1,5,22,23,13,0,3,1,1,0,43,6,3.51,1,1,-2.0
55058,Joe Lewis,Los Angeles Dodgers,68,53.0,205,189,42,26,8,1,7,20,26,14,0,1,0,1,0,57,5,3.82,6,1,1.5
63216,Sam Graham,Atlanta Braves,66,44.0,204,181,36,30,4,0,2,9,21,20,1,2,0,1,0,50,5,3.79,2,0,0.4
58039,Danny Clark,Kansas City Royals,45,43.0,203,183,43,23,12,2,6,23,29,16,0,3,0,1,0,43,1,3.58,1,2,0.2
67052,Chris Gates,Philadelphia Phillies,76,48.0,200,188,33,25,6,0,2,15,14,8,0,0,2,2,0,40,6,3.65,0,0,0.7
60112,Tony Gomez,Milwaukee Brewers,64,42.0,199,181,45,31,9,1,4,24,21,11,0,5,0,2,0,44,1,3.43,7,2,-0.7
60570,Joe Branton,New York Yankees,76,42.0,193,169,28,19,2,1,6,17,16,18,0,2,1,3,0,72,4,4.15,3,4,0.8
62088,Jon Stein,St. Louis Cardinals,60,44.0,191,171,50,34,8,1,7,23,25,17,0,0,0,3,0,40,5,3.68,0,0,-1.7
60050,Jeremy Kuntz,Milwaukee Brewers,73,36.0,187,166,38,27,8,0,3,14,14,20,1,1,0,0,0,47,8,4.1,0,0,-0.7
55887,Dylan Larson,Los Angeles Angels,54,45.0,183,154,31,20,7,0,4,18,22,27,0,2,0,0,0,49,5,4.22,0,0,0.1
56878,Mike Camilli,Washington Nationals,63,39.0,181,163,43,26,11,0,6,23,23,15,0,0,0,3,0,36,3,3.6,0,0,-1.7
48759,Danny Betancourt,Colorado Rockies,39,37.0,178,154,49,29,14,2,4,25,28,19,0,3,0,2,0,30,2,3.68,8,5,-2.5
55790,Hugo Lua,New York Yankees,78,34.0,172,155,35,21,8,0,6,21,19,14,0,2,1,0,0,30,6,3.47,0,0,-1.2
57892,Dave Rippon,Tampa Bay Rays,66,39.0,171,150,30,24,3,2,1,7,14,19,0,2,0,0,0,51,3,4.08,3,3,-1.0
56810,Mike Galletto,Atlanta Braves,67,33.0,168,153,34,22,8,0,4,19,20,14,0,1,0,0,0,36,5,3.68,0,0,-0.3
64092,Chris Eaton,Los Angeles Angels,52,38.0,167,149,45,28,9,0,8,31,22,14,0,1,0,3,0,39,9,3.72,0,0,-1.8
60503,Manny Guzman,Toronto Blue Jays,51,41.0,167,152,29,23,4,0,2,12,16,6,0,7,1,1,0,30,4,3.25,0,0,0.5
59985,Dan Sorrell,Texas Rangers,45,42.0,167,150,39,26,9,0,4,12,15,15,0,1,0,1,0,49,5,4.14,0,1,-0.2
56002,Alex Cuadra,New York Mets,62,33.0,165,135,32,23,4,0,5,9,20,27,0,3,0,0,0,33,3,4.68,4,1,-0.1
57945,Ernie Johnson,Baltimore Orioles,43,40.0,161,151,46,32,7,1,6,17,29,7,0,0,1,2,0,29,1,3.66,0,0,1.0
61319,Jeff Vaughan,Cleveland Guardians,49,40.0,161,150,27,22,4,0,1,11,8,9,0,1,0,1,0,43,3,3.7,0,1,-1.3
56989,Tim Morger,Chicago Cubs,60,39.0,160,142,34,23,6,1,4,17,16,14,0,1,0,3,0,41,3,3.91,2,1,0.3
59975,Mike Thompson,Toronto Blue Jays,83,40.0,160,151,31,19,7,0,5,18,12,8,0,0,0,1,0,37,5,3.62,0,0,-0.9
62043,James Frey,-,46,43.0,159,148,39,28,6,0,5,23,15,9,0,1,1,0,0,43,1,3.74,2,0,-1.6
64136,Mac Daye,St. Louis Cardinals,43,36.0,158,146,38,25,6,4,3,20,14,9,1,0,0,3,0,40,4,3.42,2,1,-0.4
60772,Alvaro Grajales,Chicago Cubs,102,31.0,157,147,28,20,6,0,2,13,13,7,0,2,0,1,0,42,4,3.38,2,1,0.5
65718,Jeff Dyer,San Francisco Giants,43,40.0,156,135,24,16,4,0,4,15,18,7,0,9,2,3,0,40,5,3.54,0,0,-1.7
62454,Ken Sensel,Chicago Cubs,69,38.0,156,149,38,26,11,0,1,14,14,5,0,1,0,1,0,34,3,3.47,0,0,1.8
57881,Andy Beeley,Houston Astros,57,35.0,155,142,33,24,7,1,1,15,12,9,0,0,4,0,0,35,2,4.09,3,2,-0.8
56189,Jose Ruiz,Portland Loggers,69,30.0,155,144,41,25,13,1,2,17,17,11,0,0,0,0,0,26,1,3.34,4,0,-1.6
52798,Willie Orozco,Minnesota Twins,37,33.0,154,136,33,14,14,1,4,18,20,17,1,1,0,0,0,30,4,4.72,3,1,-0.1
59281,Dave Flowers,Portland Loggers,44,39.0,153,134,31,20,4,0,7,23,19,19,0,0,0,0,0,47,2,4.08,0,0,0.3
61461,Jamie Schmelz,Philadelphia Phillies,43,39.0,153,141,30,24,5,0,1,11,12,9,0,1,2,0,0,34,4,3.39,0,0,0.2
60529,Phil Dismore,Cleveland Guardians,33,33.0,152,137,36,27,4,1,4,20,20,14,0,0,0,1,0,22,3,3.41,5,1,1.2
58970,Sandy Marez,Tampa Bay Rays,41,40.0,152,140,27,18,6,0,3,13,10,10,0,1,0,1,0,48,4,3.68,0,0,-1.2
62881,Will Olvera,New York Yankees,63,28.0,149,133,28,23,3,1,1,6,17,11,0,4,0,1,0,28,3,3.52,5,3,1.2
56958,Dave Tuttle,Atlanta Braves,46,37.0,147,124,24,12,10,0,2,17,20,18,0,0,1,4,0,36,4,4.2,0,0,-1.2
63051,J.J. Rowland,St. Louis Cardinals,36,32.0,143,128,34,22,11,0,1,13,14,10,0,4,0,1,0,42,1,3.94,7,1,0.8
53273,Federico Agosto,Colorado Rockies,37,30.0,137,123,36,19,15,1,1,16,12,9,0,1,2,2,0,16,5,3.34,0,0,-1.9
58399,Keiran Dunne,Tampa Bay Rays,37,35.0,136,128,29,20,8,0,1,9,9,5,0,2,0,1,0,39,3,3.56,2,1,-0.9
46394,Dante Ester,-,46,31.0,136,126,30,22,6,0,2,9,11,7,0,2,0,1,0,26,3,3.21,0,0,-2.6
60722,Juan Balboa,Chicago White Sox,54,24.0,131,118,30,21,5,0,4,20,17,12,3,0,0,1,0,36,5,3.61,0,0,-0.7
61726,Ivan Sosa,New York Yankees,46,33.0,129,116,25,18,5,0,2,14,14,10,0,0,0,2,1,37,1,3.84,1,0,0.7
66396,Jose Ochoa,Atlanta Braves,30,28.0,125,115,23,7,5,1,10,19,21,9,1,0,0,1,0,41,4,3.7,0,0,-0.2
59297,Joey Thompson,St. Louis Cardinals,40,33.0,124,112,27,14,10,0,3,15,12,12,0,0,0,0,0,30,5,4.12,0,0,0.8
60738,Danny Pelaez,Philadelphia Phillies,38,32.0,123,113,28,20,4,1,3,15,16,10,0,0,0,0,0,29,0,3.67,1,0,0.8
53277,Arturo Vega,-,35,31.0,123,113,23,17,6,0,0,9,13,9,0,0,0,1,0,25,3,3.37,8,0,-0.7
61484,Mike Durham,St. Louis Cardinals,25,24.0,117,110,43,24,9,0,10,22,29,7,0,0,0,0,0,22,2,4.07,2,1,1.0
57265,Alex Flores,Cincinnati Reds,41,25.0,109,90,22,17,5,0,0,6,12,18,0,0,0,1,0,26,2,4.48,1,2,-0.5
26487,Jeremy Holtzman,-,28,25.0,106,96,16,9,5,0,2,12,7,6,0,0,0,4,0,28,0,3.83,0,0,-0.3
65607,Victor Najera,St. Louis Cardinals,32,25.0,102,92,20,12,4,0,4,14,13,9,0,1,0,0,0,18,2,3.6,0,2,-0.5
63111,Sergio Cintron,Kansas City Royals,35,26.0,100,99,24,20,2,0,2,9,11,1,0,0,0,0,0,22,2,3.54,0,0,0.6
67038,Chris Rosales,Cleveland Guardians,28,27.0,100,93,16,13,2,0,1,5,5,6,0,0,0,1,0,19,2,3.53,2,0,0.4
61353,Eddie Young,New York Mets,26,24.0,99,89,25,13,6,1,5,19,11,8,0,2,0,0,0,19,4,3.9,0,0,-1.9
63271,Pete Bock,Kansas City Royals,34,20.0,96,88,23,14,2,0,7,15,12,8,0,0,0,0,0,27,4,3.96,1,0,-0.4
62173,Jeff Smiley,Houston Astros,26,25.0,96,88,21,15,4,0,2,12,11,7,0,0,0,1,0,25,1,3.45,3,1,-1.2
62176,Joe Joe Billings,Portland Loggers,45,17.0,93,83,18,12,4,1,1,8,17,4,0,2,3,1,0,21,1,3.06,0,0,0.3
61357,Dave Cox,Colorado Rockies,29,15.0,90,81,24,15,6,1,2,14,12,7,0,1,0,1,0,10,0,3.36,2,0,-0.3
64208,Nehemiah Hylton,Boston Red Sox,27,22.0,90,82,23,14,5,1,3,9,12,8,0,0,0,0,0,14,2,3.29,4,1,0.5
64253,Bobby Murphree,Baltimore Orioles,32,19.0,90,87,19,13,4,0,2,6,9,2,0,1,0,0,0,14,2,3.24,1,0,-0.3
55908,Jake Henneberry,Houston Astros,31,19.0,88,80,16,9,4,0,3,11,13,5,0,3,0,0,0,18,3,3.85,1,0,0.2
48858,Jose Natal,-,20,20.0,88,78,19,14,3,0,2,7,10,8,0,1,0,1,0,24,0,4.16,4,3,0.0
62290,Eric Mackle,Nashville Stars,18,18.0,84,79,19,15,4,0,0,8,12,3,0,1,1,0,0,13,2,3.04,4,2,-0.3
55340,Jesus Cardozo,Arizona Diamondbacks,22,21.0,83,76,25,14,3,0,8,14,13,4,0,3,0,0,0,17,5,3.61,0,0,0.0
62341,Doug Lunsford,San Diego Padres,36,18.0,83,75,17,10,5,0,2,10,9,4,0,2,1,1,0,20,2,3.17,0,0,0.5
57950,Mel Moreno,Philadelphia Phillies,23,20.0,81,69,18,13,3,0,2,4,7,11,1,0,0,1,0,8,3,3.88,0,0,-0.7
67070,Steve Petty,Minnesota Twins,24,21.0,81,67,20,17,1,1,1,9,13,10,0,1,0,3,0,12,0,3.6,5,2,0.9
59336,Tim Griffin,St. Louis Cardinals,19,17.0,79,75,20,14,4,0,2,15,13,3,0,1,0,0,0,17,1,3.92,0,0,0.2
57671,Pat McGlynn,Milwaukee Brewers,23,19.0,76,66,10,9,1,0,0,5,9,10,0,0,0,0,0,15,3,3.86,0,2,0.2
55062,Jonathan Bauers,-,19,19.0,76,72,14,10,2,0,2,12,7,4,0,0,0,0,0,30,3,3.72,0,1,-0.7
54156,Jesus Gonzales,Colorado Rockies,19,19.0,75,65,8,6,2,0,0,4,4,6,0,4,0,0,0,10,2,3.72,0,0,-1.0
59175,Ramon Gonzales,New York Yankees,20,19.0,75,68,15,8,3,0,4,12,6,5,0,1,1,0,0,19,5,3.68,0,0,0.2
67107,Chris Leonard,Cincinnati Reds,26,19.0,75,66,17,11,1,1,4,15,9,6,0,2,0,1,0,11,0,3.13,1,1,-0.4
61609,Joel Salmon,Nashville Stars,20,19.0,75,68,13,9,2,0,2,3,7,6,0,1,0,0,0,23,0,3.61,0,0,-0.3
55828,Erik Lapidus,Cincinnati Reds,20,20.0,74,64,14,11,2,0,1,5,5,7,0,2,0,1,0,25,1,4.49,0,0,-2.3
60768,Juan Olalde,Tampa Bay Rays,16,16.0,73,59,13,10,2,0,1,6,6,11,0,0,1,2,0,10,3,4.04,0,1,-0.7
60128,Jamie Eberhardt,Milwaukee Brewers,27,16.0,72,60,21,17,4,0,0,10,8,10,0,0,0,2,0,6,2,3.53,0,0,-1.1
63181,Joel Roberts,New York Mets,28,17.0,72,64,15,9,3,0,3,15,9,5,0,2,0,1,0,12,0,3.36,0,0,0.4
63180,Ben Keller,Cincinnati Reds,30,14.0,71,69,14,10,4,0,0,2,4,2,0,0,0,0,0,20,2,3.51,1,0,0.2
62586,Pat Owen,San Diego Padres,38,15.0,71,67,15,10,5,0,0,5,7,3,0,1,0,0,0,25,2,3.11,0,1,-1.0
60329,Donzel Bondurant,Arizona Diamondbacks,18,18.0,70,67,16,11,5,0,0,1,2,3,0,0,0,0,0,17,0,3.6,0,0,0.0
63011,Robby Roof,Texas Rangers,27,19.0,70,66,19,16,0,0,3,7,11,4,0,0,0,0,0,16,0,3.36,7,1,0.1
60372,Vince Powell,Arizona Diamondbacks,34,9.0,69,61,19,15,3,1,0,8,9,6,0,2,0,0,0,11,1,3.64,1,1,-0.8
52638,Lupe Mendoza,-,18,18.0,67,60,16,13,2,1,0,5,5,7,0,0,0,0,0,15,1,3.54,3,1,1.4
64510,Cesar Cardoza,Portland Loggers,42,16.0,66,62,8,4,2,0,2,7,5,4,0,0,0,0,0,10,0,3.05,0,0,-0.4
61468,Raul Ruiz,New York Mets,23,14.0,66,56,12,8,1,0,3,7,11,10,0,0,0,0,0,11,1,3.86,0,0,0.5
64192,Sam Stephens,San Diego Padres,28,17.0,63,53,12,10,2,0,0,1,6,9,0,1,0,0,0,8,2,3.98,0,0,-0.6
23740,Phil Miner,-,19,14.0,62,59,16,10,4,0,2,5,7,2,0,0,1,0,0,20,1,3.5,0,0,-1.3
59401,Jamie Minton,Philadelphia Phillies,17,14.0,61,56,15,13,0,0,2,6,8,4,0,0,0,1,0,13,2,3.84,0,0,0.2
60548,Jarrod Klauser,Chicago White Sox,25,15.0,60,54,9,7,0,0,2,4,10,4,0,1,1,0,0,20,1,3.8,3,0,0.4
65641,Ozzie Rodriguez,St. Louis Cardinals,25,11.0,58,52,13,8,4,0,1,8,7,6,0,0,0,0,0,10,1,4.16,0,0,0.1
71236,Danny Erb,Chicago White Sox,19,12.0,57,53,13,11,2,0,0,5,3,2,1,1,0,1,0,5,0,3.21,5,1,-0.6
64258,Chris LeRoy,Cleveland Guardians,16,14.0,56,47,10,7,0,1,2,6,10,7,0,0,0,1,1,10,0,3.64,0,0,0.2
65910,Robby Morales,Cincinnati Reds,14,14.0,55,48,7,5,0,0,2,5,4,6,0,1,0,0,0,18,1,3.89,0,0,0.2
67187,Joe Hutson,Philadelphia Phillies,13,12.0,53,46,9,6,2,0,1,6,6,7,0,0,0,0,0,20,0,3.85,0,1,-0.1
62491,Bobby Wade,New York Yankees,22,11.0,52,44,12,11,0,1,0,2,7,4,0,2,1,1,0,9,0,3.17,1,0,0.7
61669,Jose Guerra,Texas Rangers,13,13.0,51,43,8,4,3,0,1,4,3,7,0,0,0,1,0,13,0,4.12,1,0,-2.3
61464,Jim Sobol,Nashville Stars,12,12.0,51,46,19,14,3,0,2,10,10,4,1,1,0,0,0,13,0,3.49,1,0,0.1
63313,Andy Sosebee,St. Louis Cardinals,13,13.0,51,45,7,5,2,0,0,2,3,4,0,2,0,0,0,21,0,3.41,2,0,-1.0
61561,Franklin Guerrero,Colorado Rockies,14,12.0,50,48,11,6,2,0,3,11,10,2,0,0,0,0,0,14,1,3.68,0,0,0.0
59176,Jonathan Young,San Francisco Giants,12,12.0,50,47,9,6,2,0,1,6,4,2,1,1,0,0,0,11,1,3.12,0,0,0.1
60657,Alex Madrid,Baltimore Orioles,13,11.0,49,47,16,10,5,0,1,3,6,2,1,0,0,0,0,8,2,2.94,0,0,0.1
68811,Chad Truemper,Cincinnati Reds,13,13.0,49,44,8,5,3,0,0,1,5,4,0,0,0,1,0,11,1,3.2,0,0,-0.5
61991,Danny Montano,-,14,12.0,49,48,10,5,3,0,2,3,4,1,0,0,0,0,0,15,0,3.9,0,0,0.1
61740,Juan Guerrero,San Diego Padres,14,12.0,48,47,13,10,1,0,2,5,3,1,0,0,0,0,0,18,0,3.96,0,0,-0.2
61091,Eric Butts,-,13,12.0,47,44,8,6,1,1,0,8,0,2,0,0,0,1,0,17,1,3.68,0,0,0.0
64984,Rene Navas,Arizona Diamondbacks,12,12.0,46,44,6,6,0,0,0,3,3,2,0,0,0,0,0,15,2,3.39,0,0,0.0
62394,Danny Rincon,Cleveland Guardians,12,8.0,44,42,8,7,1,0,0,3,1,2,0,0,0,0,0,13,0,3.75,1,0,-0.1
56672,Jonathan Barr,San Diego Padres,14,10.0,42,37,7,4,1,0,2,7,4,4,0,0,0,1,0,10,0,3.45,0,0,0.0
67030,Pat Robinson,Boston Red Sox,15,9.0,41,37,8,3,1,0,4,10,4,3,0,0,0,1,0,10,1,4.0,0,0,0.0
63764,Sal Panarra,Colorado Rockies,11,8.0,38,34,14,9,3,0,2,11,3,2,0,1,1,0,0,8,1,2.97,0,0,-0.1
60199,Kevin Renaud,Tampa Bay Rays,16,6.0,38,38,4,4,0,0,0,1,0,0,0,0,0,0,0,17,0,3.87,0,0,0.0
62024,Ken Alward,Chicago White Sox,9,9.0,37,33,14,9,2,1,2,7,8,3,0,0,0,1,0,5,0,3.92,0,0,-0.2
51536,Erik Wilson,Cleveland Guardians,15,6.0,35,33,9,5,0,0,4,10,5,2,0,0,0,0,0,4,1,3.6,0,0,0.0
62036,Kevin Brockett,-,11,8.0,35,27,1,0,0,0,1,3,4,7,0,0,0,1,0,17,0,4.51,0,0,0.2
62699,Joham Barreira,Tampa Bay Rays,16,8.0,33,32,9,9,0,0,0,3,6,1,0,0,0,0,0,2,1,3.45,1,0,0.3
60201,Isaiah Tyner,Arizona Diamondbacks,23,3.0,33,31,8,4,3,1,0,3,3,1,0,0,0,1,0,9,0,3.12,0,0,0.1
65651,Jeff Abramov,Houston Astros,11,9.0,32,27,4,2,0,0,2,4,4,4,0,0,0,1,0,6,2,4.09,0,0,0.0
1427,Kazufumi Kawakami,Portland Loggers,15,6.0,32,24,7,6,0,0,1,4,6,4,0,2,2,0,0,7,0,4.72,1,0,0.3
59347,Walt Kensinger,Portland Loggers,14,7.0,32,24,6,2,3,0,1,1,2,6,0,1,1,0,0,6,1,3.59,0,0,0.0
64826,Angelito Sanchez,Seattle Mariners,19,5.0,32,30,9,6,3,0,0,0,6,2,0,0,0,0,0,7,1,3.47,0,0,0.5
57987,Josh Davis,Kansas City Royals,8,7.0,30,28,7,3,2,1,1,3,3,1,0,1,0,0,0,7,0,3.8,1,0,0.0
60344,Jonathan Bowen,New York Yankees,8,8.0,29,28,7,7,0,0,0,2,2,1,0,0,0,0,0,6,0,3.38,0,0,0.4
65628,Robby Merrill,Cleveland Guardians,17,6.0,29,27,5,1,3,0,1,4,1,2,0,0,0,0,0,7,2,3.17,0,0,0.0
60404,Chris Ryan,New York Mets,16,4.0,28,28,5,5,0,0,0,1,2,0,0,0,0,0,0,11,1,3.5,0,0,0.3
64141,Chris Stokes,Minnesota Twins,8,7.0,28,25,7,3,3,1,0,5,2,3,0,0,0,0,0,5,0,4.0,0,0,0.1
62403,Eric Wolfe,Cincinnati Reds,7,7.0,28,25,5,5,0,0,0,0,3,1,0,2,0,0,0,4,0,3.43,0,0,0.1
60703,Juan Aguayo,-,9,6.0,28,24,6,4,2,0,0,1,3,3,0,1,0,0,0,10,0,3.96,1,0,0.3
55381,Kokoro Sato,-,10,5.0,28,25,7,5,1,0,1,5,5,1,0,1,0,1,0,7,0,3.11,0,0,0.0
69769,Jeff Neville,Colorado Rockies,6,6.0,27,26,10,7,3,0,0,6,5,1,0,0,0,0,0,2,0,3.44,0,0,-1.3
61132,J.J. Byers,Minnesota Twins,9,6.0,26,23,4,2,1,1,0,0,1,3,0,0,0,0,0,6,1,3.62,1,0,0.0
66439,Danny Herrera,Colorado Rockies,6,6.0,26,21,7,3,2,0,2,6,5,2,0,2,1,0,0,2,1,2.85,0,0,-0.1
64181,Len Winters,Texas Rangers,8,5.0,25,22,3,2,1,0,0,0,1,2,0,1,0,0,0,9,0,4.52,0,0,-0.7
64464,Austin J. Bednarik,Nashville Stars,6,6.0,24,22,3,0,2,1,0,0,3,2,0,0,0,0,0,6,0,4.0,0,0,-1.8
61504,Steve Murach,-,6,6.0,23,23,4,3,0,0,1,3,2,0,0,0,0,0,0,7,0,4.17,0,0,0.3
62352,Chris Bowman,Washington Nationals,14,2.0,22,21,7,1,5,1,0,8,4,1,0,0,0,0,0,7,0,3.5,0,0,0.4
62414,Marcus Petway,San Francisco Giants,13,4.0,22,21,7,5,2,0,0,3,1,1,0,0,0,0,0,8,0,4.14,1,0,-0.1
61737,Jordan Valdez,Philadelphia Phillies,8,4.0,22,20,6,4,0,1,1,1,4,2,0,0,0,0,0,1,0,3.73,0,0,0.0
61527,Rhett Weathers,Colorado Rockies,6,5.0,22,19,7,5,2,0,0,2,5,2,1,0,0,1,0,6,2,3.82,0,0,0.2
60621,Jake Mandeville,Baltimore Orioles,10,3.0,21,20,9,9,0,0,0,2,2,1,0,0,0,0,0,5,1,4.05,0,0,0.3
67153,Danny Wells,New York Yankees,11,3.0,21,17,3,3,0,0,0,1,2,4,1,0,0,0,0,3,1,3.29,0,0,0.0
57006,Ken Geer,St. Louis Cardinals,5,5.0,20,18,10,8,2,0,0,0,3,1,0,1,0,0,0,0,0,3.55,0,0,-0.1
46294,Tony Gudino,Colorado Rockies,11,2.0,20,18,5,4,1,0,0,2,2,1,0,1,0,0,0,4,2,3.6,0,0,-0.4
58805,Tim Day,San Diego Padres,5,5.0,19,19,7,5,0,1,1,4,2,0,0,0,0,0,0,4,1,3.63,1,1,0.0
64533,Jeff Green,Baltimore Orioles,5,5.0,19,17,3,3,0,0,0,1,1,1,0,0,0,1,0,6,0,4.11,0,0,0.0
62572,Christian Hayes,Tampa Bay Rays,26,2.0,19,15,2,0,2,0,0,2,2,4,0,0,0,0,0,6,0,4.63,2,1,0.0
60069,Danny Rivera,Cleveland Guardians,6,5.0,19,17,2,2,0,0,0,0,1,2,0,0,0,0,0,5,0,3.37,0,0,0.2
63109,Devon Spurlock,Colorado Rockies,18,,19,17,8,6,2,0,0,3,2,2,0,0,0,0,0,2,0,3.79,0,0,0.1
63327,Jonathan Stewart,New York Yankees,6,6.0,19,18,6,6,0,0,0,0,5,1,0,0,0,0,0,6,0,3.79,3,0,0.6
67915,Oscar Zambrano,St. Louis Cardinals,9,4.0,19,18,4,3,0,0,1,2,2,1,0,0,0,0,0,5,1,3.11,0,0,0.2
55852,Rob Licausi,Los Angeles Angels,8,3.0,17,17,3,2,1,0,0,0,0,0,0,0,0,0,0,8,0,4.65,0,0,0.0
60676,Melvin Arcega,Houston Astros,7,3.0,16,16,4,2,2,0,0,1,2,0,0,0,0,0,0,3,1,3.56,0,0,-0.5
63215,Rodolfo Fernandez,Arizona Diamondbacks,4,4.0,16,14,3,1,1,0,1,1,4,2,0,0,0,0,0,3,0,3.94,0,0,0.1
68417,Danny Moreta,-,4,4.0,15,14,4,4,0,0,0,2,1,1,0,0,0,0,0,4,0,5.27,0,0,-0.1
60388,Steve King,San Diego Padres,7,3.0,14,14,3,3,0,0,0,1,1,0,0,0,0,0,0,4,0,3.21,0,0,0.0
55749,Justin Thompson,Cincinnati Reds,8,3.0,14,14,0,0,0,0,0,0,0,0,0,0,0,0,0,4,0,4.0,0,0,0.0
55027,Pete Atherton,Toronto Blue Jays,15,,13,11,0,0,0,0,0,0,0,2,0,0,0,0,0,6,0,4.08,0,0,0.0
61497,Josh Scanlon,Atlanta Braves,4,3.0,13,12,1,1,0,0,0,0,0,1,0,0,0,0,0,4,1,2.85,0,0,0.0
68590,Kevin Nelson,Colorado Rockies,3,2.0,11,10,2,1,1,0,0,2,1,0,0,0,0,1,0,3,0,3.27,0,0,0.0
69879,Jamie Hughes,Cincinnati Reds,6,3.0,10,10,3,3,0,0,0,1,0,0,0,0,0,0,0,3,1,2.8,0,0,0.0
68557,Chris Mays,San Diego Padres,3,2.0,10,10,2,1,1,0,0,0,1,0,0,0,0,0,0,2,1,3.7,2,0,0.2
56972,Alex Sanchez,St. Louis Cardinals,5,2.0,10,10,3,2,1,0,0,1,0,0,0,0,0,0,0,1,1,3.4,0,0,0.0
65907,J.D. Whiteside,Baltimore Orioles,2,2.0,10,10,4,4,0,0,0,0,1,0,0,0,0,0,0,2,0,2.5,1,0,-0.2
61157,Jim Flannery,San Diego Padres,2,2.0,9,8,2,1,1,0,0,2,1,1,0,0,0,0,0,3,0,3.89,0,0,0.2
68565,Danny Cech,New York Mets,5,,8,7,2,0,2,0,0,0,1,1,0,0,0,0,0,2,0,3.88,0,0,0.1
58141,Kevin Murphy,Washington Nationals,3,1.0,7,6,2,2,0,0,0,0,0,1,0,0,0,0,0,2,0,3.14,0,0,0.0
70191,Steve Evans,Colorado Rockies,2,2.0,6,6,0,0,0,0,0,0,0,0,0,0,0,0,0,1,0,2.33,0,0,0.0
59380,Sam Stamm,Arizona Diamondbacks,2,2.0,6,5,1,1,0,0,0,0,1,1,0,0,0,0,0,3,0,4.17,0,0,0.0
59188,Mike CRUZ,-,15,,5,5,1,0,1,0,0,0,1,0,0,0,0,0,0,3,0,4.0,0,0,0.0
59710,Omar Manzanares,-,1,1.0,3,2,0,0,0,0,0,0,0,1,0,0,0,0,0,0,0,3.67,0,0,0.0
60809,Sergio Payan,-,2,,2,2,1,1,0,0,0,0,1,0,0,0,0,0,0,0,0,1.0,0,0,-0.1
56971,Joey Flagg,Los Angeles Angels,1,,1,1,0,0,0,0,0,0,0,0,0,0,0,0,0,0,0,3.0,0,0,0.0
66474,Jose Malla,San Francisco Giants,2,,1,1,0,0,0,0,0,0,0,0,0,0,0,0,0,1,0,3.0,0,0,0.0
53730,Bernie Boman,-,1,,1,1,1,1,0,0,0,0,0,0,0,0,0,0,0,0,0,3.0,0,0,-0.7
